plastic_bottles_recycled,aluminum_cans_recycled,paper_recycled_kg,cardboard_recycled_kg,glass_bottles_recycled,reusable_bags_used,reusable_water_bottle_uses,miles_biked,miles_walked,miles_public_transit,miles_carpooled,vegetarian_meals,vegan_meals,local_food_kg,led_bulb_hours,cold_water_laundry_loads,line_dried_loads,composting_kg,co2_saved_kg
6,3,2.85,1.46,0,4,1,1.87,0.29,17.32,9.02,3,2,0.06,23.28,1,1,0.0,30.81
3,4,1.85,1.22,0,3,0,3.49,3.06,2.79,4.38,3,2,1.37,18.84,2,2,2.95,31.41
0,2,2.58,1.36,0,1,3,11.31,2.82,7.71,0.24,1,2,2.05,14.64,2,2,2.73,30.12
3,1,1.99,0.62,1,1,3,2.22,4.85,15.5,14.09,1,1,2.18,7.84,1,2,1.56,25.93
5,4,1.17,0.54,0,1,0,3.37,2.71,2.82,12.03,0,0,2.96,18.53,2,2,0.6,16.39
7,2,2.37,1.21,1,1,0,10.98,4.25,8.99,1.43,2,2,2.01,15.98,1,2,1.68,32.44
2,4,2.92,1.7,0,1,5,5.93,2.61,8.55,0.38,0,2,0.09,15.27,0,1,0.42,21.16
6,4,1.62,0.41,0,2,2,1.93,4.65,16.16,9.5,1,1,2.65,7.78,2,0,0.95,21.1
0,0,0.68,0.85,3,4,0,3.66,0.82,10.68,7.27,0,2,0.81,5.86,2,1,0.66,19.78
7,0,1.21,0.13,1,3,3,3.02,2.49,6.02,4.27,0,2,1.83,12.06,1,2,0.84,20.78
0,0,0.72,0.29,3,1,5,2.9,3.36,15.23,3.56,2,1,1.1,15.18,1,1,1.61,22.36
7,0,0.45,1.02,3,4,2,7.09,3.39,0.33,7.68,2,2,0.52,16.58,2,1,2.51,26.7
2,3,2.21,0.42,2,1,2,2.74,0.87,19.64,7.75,0,1,2.99,23.17,0,0,2.65,18.02
6,0,0.84,1.4,3,2,3,10.65,3.9,12.84,1.26,3,1,2.01,13.94,1,0,1.99,26.51
4,1,0.48,1.1,1,2,4,2.69,3.56,4.74,4.88,3,2,2.16,7.39,2,2,1.91,29.71
5,4,1.46,1.81,2,1,4,6.03,2.88,9.85,2.93,0,2,1.72,18.45,0,1,2.86,23.1
4,2,2.24,1.91,0,0,5,11.6,4.82,17.06,4.42,0,2,0.81,11.65,1,0,1.18,25.7
5,1,2.79,0.14,1,1,2,3.54,1.61,16.97,2.05,1,2,0.88,19.42,2,1,2.6,26.36
4,3,1.53,1.0,0,3,0,0.85,1.98,1.02,13.3,2,1,0.28,13.88,1,2,1.4,22.62
6,4,2.52,1.72,0,3,1,9.87,1.8,2.54,7.83,0,0,1.37,20.21,1,2,2.1,19.71
7,3,0.4,1.94,1,2,0,4.79,2.17,14.88,3.76,1,0,0.24,10.28,0,0,0.52,13.82
0,1,0.72,0.19,0,4,4,7.66,2.58,13.14,6.54,0,2,0.14,13.58,2,0,0.36,19.97
4,3,0.14,0.08,1,3,4,5.69,0.49,9.83,7.1,0,1,1.3,9.56,1,1,1.91,16.46
1,3,1.12,1.25,1,0,4,8.21,3.08,18.88,14.16,3,2,2.4,16.25,2,0,1.37,33.57
2,2,2.82,0.77,0,1,2,2.35,0.35,2.02,0.27,2,1,2.05,1.71,0,1,2.04,17.8
5,1,0.78,0.99,1,4,1,7.55,4.39,14.7,12.05,0,1,1.27,13.64,2,0,2.19,20.81
3,1,0.75,1.16,2,4,3,5.15,3.75,15.09,1.55,0,0,1.52,19.83,1,0,2.69,13.93
0,3,0.03,1.81,3,0,3,11.4,4.75,11.47,9.48,0,0,0.88,7.89,2,0,2.26,17.55
6,0,0.34,1.86,1,1,4,8.84,2.73,14.12,14.53,0,1,2.51,20.8,1,2,1.28,25.14
7,1,1.19,1.78,1,4,4,1.02,4.93,7.49,5.56,3,0,2.84,23.66,1,2,1.45,24.64
3,2,0.75,0.66,1,2,4,0.14,2.34,1.13,1.78,0,2,1.95,17.91,0,1,1.2,15.08
3,0,0.25,1.06,0,1,3,11.73,2.78,6.45,0.65,0,2,2.76,6.07,2,0,1.57,19.7
0,0,2.09,0.91,0,2,0,10.98,4.79,1.16,5.92,3,0,0.83,4.51,1,1,0.69,22.05
3,3,1.08,0.52,2,0,0,3.71,4.07,13.69,2.44,1,2,2.47,22.8,0,2,2.76,26.6
1,1,1.65,0.33,3,0,5,9.73,4.94,3.01,8.91,2,0,2.91,20.21,0,0,1.41,18.67
2,0,0.04,0.15,3,0,4,12.0,4.98,11.11,11.53,0,1,2.55,5.94,1,0,0.39,18.65
2,4,1.82,0.46,0,1,3,3.22,0.11,9.96,7.14,2,2,0.92,19.59,0,1,2.63,25.16
0,0,0.4,0.06,2,4,4,7.67,4.03,18.06,9.26,1,1,1.82,15.28,2,2,0.27,26.1
1,3,1.64,0.9,2,3,5,7.47,4.31,18.99,2.21,3,0,1.48,6.2,0,1,1.86,25.01
1,4,0.63,1.16,2,2,0,5.52,2.92,8.01,10.47,3,0,2.69,11.38,0,1,1.81,21.99
2,2,2.47,0.69,1,4,5,1.06,0.6,9.22,3.1,1,0,1.51,16.57,0,1,2.4,14.68
0,2,2.76,0.12,1,3,0,1.01,2.99,19.73,8.05,3,1,0.71,18.24,1,1,2.24,27.79
5,2,0.76,1.43,2,2,3,1.29,2.24,10.65,3.64,0,2,1.13,0.48,0,0,0.63,15.6
1,3,0.7,0.69,0,3,1,9.47,2.49,1.74,8.06,1,2,2.24,10.36,2,1,0.85,23.89
5,3,1.94,1.14,3,2,4,3.96,4.67,0.15,3.38,1,2,1.46,20.42,1,1,2.42,23.77
7,0,0.24,1.05,3,4,3,11.97,4.48,11.52,13.76,2,1,2.93,11.78,1,2,2.46,31.31
1,2,1.71,0.56,3,4,5,11.62,3.55,3.99,11.04,3,2,2.12,18.43,1,0,1.52,30.33
6,3,0.96,1.19,1,1,1,6.58,2.74,4.03,10.27,3,0,0.42,0.07,0,2,1.42,22.89
5,2,1.05,1.86,1,3,3,4.9,4.66,19.82,3.08,2,2,2.78,17.32,0,2,2.39,32.35
5,3,0.49,0.33,0,2,2,7.61,4.54,6.32,8.82,1,2,2.14,21.59,0,1,1.62,24.27
6,0,0.7,1.8,2,1,5,0.8,1.15,10.86,6.47,2,2,2.19,16.65,2,2,1.86,28.64
3,2,2.37,0.3,0,4,4,9.34,0.72,4.09,10.71,0,2,2.26,2.47,0,2,1.14,23.54
4,3,1.19,1.59,0,4,3,8.67,3.6,12.82,10.41,3,1,0.76,8.3,2,1,2.73,30.94
5,1,2.84,0.31,0,1,0,3.07,3.63,11.86,1.53,3,0,2.77,16.97,1,0,1.73,20.08
1,0,1.27,1.47,3,0,5,10.93,0.61,4.72,2.48,3,1,2.51,7.97,1,2,0.68,27.35
6,4,1.14,1.49,1,3,0,0.06,1.67,7.96,8.06,2,1,1.04,8.33,1,2,1.36,23.23
2,2,1.36,0.28,3,0,3,5.03,4.57,7.25,8.71,1,1,0.04,15.92,2,0,2.88,20.18
0,3,1.24,0.17,0,0,0,3.72,1.99,8.54,12.0,1,1,0.57,0.88,1,2,0.2,20.49
5,2,1.36,1.05,3,0,1,5.96,3.83,2.06,5.02,2,2,2.26,6.54,2,1,1.58,26.5
0,3,2.52,1.73,3,0,0,2.66,1.16,13.44,0.3,1,0,2.4,4.29,0,2,2.16,18.43
2,2,2.89,1.89,1,4,5,3.52,4.48,0.26,1.28,2,0,0.08,4.35,0,1,2.68,17.7
6,4,1.03,0.52,1,2,3,9.97,1.73,15.48,5.44,0,2,2.85,18.33,0,1,1.7,24.37
2,0,1.45,1.02,0,1,4,4.83,1.09,12.9,6.33,1,1,2.7,16.59,0,2,2.47,22.75
7,4,2.45,1.0,1,0,4,7.82,4.15,4.13,0.16,0,2,2.7,20.97,1,0,2.0,21.06
6,1,2.74,0.84,3,1,5,0.56,0.83,14.76,1.24,3,2,0.74,9.34,2,0,2.16,27.19
7,2,2.85,0.79,3,4,0,3.24,2.7,3.24,12.62,0,1,2.87,3.71,0,1,1.42,17.79
0,0,1.05,0.83,0,2,1,5.52,0.38,1.56,0.04,2,1,0.02,2.47,0,2,2.75,19.15
4,0,2.85,0.89,2,3,5,11.5,3.79,12.78,11.39,0,1,1.91,23.53,1,0,1.94,23.09
2,1,0.15,1.34,3,1,0,2.17,2.84,18.31,0.51,0,2,0.89,22.19,1,2,2.83,23.88
1,3,2.53,0.64,1,0,5,7.16,1.15,2.41,1.15,0,2,1.02,17.39,2,2,2.41,23.76
3,4,1.98,1.48,0,4,1,10.52,2.09,9.24,14.86,2,2,0.56,9.22,2,2,2.99,35.07
3,4,2.3,0.8,0,3,0,6.97,1.36,7.97,1.38,2,2,1.57,17.57,0,2,1.4,27.84
7,1,0.89,0.47,0,0,4,11.85,2.14,7.69,10.19,3,2,2.85,18.87,2,1,2.95,33.53
6,2,2.71,1.98,2,3,3,2.78,4.71,12.99,9.12,0,1,0.69,4.24,1,0,0.56,18.69
2,4,0.17,1.94,0,0,2,7.17,2.63,5.2,7.73,1,1,2.99,21.54,2,1,1.87,22.15
4,0,1.78,1.16,1,2,0,4.69,1.36,9.53,0.67,1,1,2.43,15.73,0,2,0.26,20.01
7,3,1.12,0.52,0,1,1,0.97,1.1,13.67,1.14,0,1,1.49,11.53,0,2,2.47,17.32
7,1,1.63,1.73,0,2,3,10.21,4.34,14.17,12.56,0,0,2.04,14.85,1,2,2.64,23.91
4,1,1.4,1.76,1,1,2,2.74,4.54,0.02,8.34,0,0,0.78,4.64,0,1,0.98,11.3
0,0,0.35,0.75,3,4,2,1.54,1.42,0.37,6.48,1,2,1.18,4.31,0,0,2.37,15.41
3,3,0.2,0.6,0,3,5,8.5,2.37,1.16,1.12,1,1,2.97,16.23,2,2,1.78,21.51
3,4,0.07,0.65,2,2,2,8.2,2.23,5.47,14.96,0,2,1.35,3.93,2,0,2.08,21.05
3,1,2.32,0.46,2,2,2,11.41,0.76,8.65,14.15,3,0,1.92,9.54,0,0,2.95,23.3
0,1,2.68,0.46,0,2,0,7.82,1.84,17.29,7.1,3,1,0.61,2.19,2,2,2.53,31.73
3,2,2.39,0.59,3,3,1,7.4,3.98,9.63,1.76,0,1,2.06,10.33,1,0,0.48,16.84
5,4,0.81,1.6,2,4,0,0.14,0.36,7.85,7.2,2,1,0.87,16.68,0,1,2.72,20.24
2,2,0.31,0.48,0,3,3,4.15,3.88,18.82,1.09,0,0,2.65,1.98,0,1,1.19,13.34
1,1,2.07,1.6,1,1,3,1.25,3.18,14.13,0.47,1,0,0.16,12.99,1,1,1.88,16.52
3,2,1.45,1.32,3,3,5,9.81,2.26,12.87,7.9,1,1,0.24,1.45,2,0,1.44,22.36
2,1,0.99,0.94,0,4,4,7.9,2.49,11.11,10.79,1,0,2.99,23.4,2,1,1.21,20.6
4,4,1.26,0.41,2,3,0,10.42,3.64,14.85,6.38,3,1,2.96,0.96,0,2,1.74,30.84
3,1,2.18,0.97,1,1,3,5.06,1.38,11.85,13.69,3,2,1.87,15.16,2,0,0.39,29.58
7,3,2.73,0.36,3,1,4,10.25,2.46,4.94,13.06,2,1,1.54,8.62,1,2,0.49,28.73
2,0,2.91,0.52,0,4,0,9.28,0.65,19.4,6.81,2,1,0.22,4.07,1,0,1.01,23.9
5,0,1.29,0.5,2,3,0,3.03,1.8,7.59,9.08,2,0,1.6,18.76,2,2,1.67,21.56
2,4,0.1,1.97,0,4,3,0.62,3.2,4.49,2.7,2,0,0.31,14.03,1,0,1.44,13.39
2,2,0.05,0.65,0,0,2,5.87,3.33,2.79,0.45,0,1,0.61,16.16,1,0,0.28,11.17
7,4,1.33,1.74,1,1,0,10.06,4.72,13.66,7.46,0,1,2.61,13.69,2,0,2.07,22.5
0,0,0.65,1.32,0,4,0,1.28,3.29,19.99,0.72,0,0,1.22,20.9,0,0,1.7,10.89
0,2,2.64,0.81,1,3,5,5.26,4.51,17.56,4.76,0,2,1.13,7.12,2,0,0.99,23.31
0,3,1.83,1.13,2,3,4,5.38,1.19,7.47,3.41,1,2,1.81,16.04,1,1,1.39,23.53
2,4,2.59,1.04,1,3,4,9.77,0.54,2.98,7.9,2,2,1.18,13.19,1,1,2.15,28.27
2,4,2.47,0.86,3,4,3,11.46,3.27,7.6,2.96,0,1,0.58,3.99,0,1,0.92,19.71
6,3,1.62,0.62,3,1,1,3.27,2.07,2.44,2.72,2,1,2.4,4.43,2,0,1.7,18.69
1,3,1.27,0.17,1,0,3,0.52,3.17,19.03,9.02,1,0,2.65,5.47,0,2,1.83,19.27
1,0,2.52,1.8,3,0,1,3.07,1.51,14.64,12.77,2,1,2.43,18.4,1,0,1.27,23.83
4,0,2.21,1.73,2,4,0,2.14,1.56,4.6,3.09,2,1,0.77,15.17,0,1,0.43,19.26
7,2,1.79,1.35,1,4,0,8.31,4.96,2.57,1.56,1,1,1.74,6.58,1,0,2.68,19.15
2,0,0.97,0.45,0,3,4,6.23,0.34,16.01,3.51,0,1,1.78,16.32,0,1,1.0,16.72
5,1,2.98,1.32,0,2,1,5.36,1.67,11.61,1.33,0,0,1.9,18.12,2,1,0.29,15.97
0,3,1.04,1.33,3,2,5,2.82,2.0,3.05,14.89,3,0,2.53,12.5,1,1,0.27,21.1
6,0,1.83,1.01,3,1,4,0.43,1.52,5.26,5.4,0,1,2.81,13.29,2,2,1.19,18.62
6,1,1.8,1.03,2,2,5,6.8,1.96,10.02,5.96,1,1,1.88,16.18,1,1,2.16,22.61
2,3,2.46,0.65,2,1,2,8.34,1.73,19.51,9.61,0,1,0.4,20.69,2,1,0.42,23.78
7,4,0.95,1.91,1,0,4,4.41,0.34,0.52,2.03,3,0,1.65,23.18,0,2,1.52,20.74
1,4,0.32,1.28,0,2,5,7.23,1.82,7.73,8.47,1,1,0.64,11.63,1,0,1.86,18.4
6,0,1.29,0.34,0,0,3,3.64,0.51,13.84,0.93,3,2,0.69,5.58,0,1,1.28,25.41
6,4,2.66,0.9,0,2,2,4.97,4.14,14.67,11.54,1,2,1.25,11.55,1,1,0.78,28.19
1,1,0.57,1.24,0,4,1,2.89,4.88,16.03,14.39,3,0,0.33,13.15,2,0,2.53,23.4
6,4,1.46,0.3,3,3,1,5.71,1.88,7.89,6.89,0,1,2.68,22.93,0,0,2.83,16.38
1,3,0.23,0.56,1,1,3,9.37,4.13,9.91,5.8,1,0,1.84,1.6,0,2,0.32,18.61
3,0,1.33,0.1,3,0,2,7.91,4.01,2.11,0.53,3,0,1.16,11.09,2,2,2.83,23.72
2,3,1.06,0.82,0,1,5,0.99,2.57,17.98,11.74,3,0,2.93,16.02,2,0,0.77,22.14
3,0,1.93,1.06,1,1,1,9.58,1.46,19.6,9.03,0,2,1.56,14.8,1,2,0.13,27.99
0,1,0.67,0.74,2,3,1,7.36,4.72,4.81,1.82,3,2,2.66,15.5,2,1,2.45,29.45
6,0,0.78,1.09,0,4,5,5.53,4.21,14.57,11.65,3,2,0.96,18.08,0,1,1.62,31.32
4,1,0.32,1.37,3,2,1,2.56,2.53,16.81,10.99,2,0,1.77,12.2,2,1,1.7,21.92
4,3,1.91,1.52,2,1,1,0.11,1.23,14.53,14.88,3,2,1.2,19.2,2,0,1.67,29.67
7,2,0.56,0.71,0,0,3,6.29,4.24,16.8,12.49,1,1,2.25,18.21,2,2,2.53,28.31
5,2,2.99,0.74,0,3,3,9.36,1.09,2.76,9.95,1,2,0.01,14.87,0,0,0.28,21.71
6,3,1.53,1.45,0,1,3,6.73,3.02,13.53,12.07,2,2,1.49,1.85,1,0,2.24,28.09
1,4,2.37,1.03,3,4,3,1.47,3.68,4.72,5.57,0,2,2.4,18.4,0,1,1.93,20.55
0,3,1.49,0.36,2,3,2,8.88,4.75,4.06,8.48,1,1,0.5,16.81,1,1,1.76,22.01
5,0,2.79,1.57,2,1,2,5.16,4.36,16.84,2.79,0,0,1.37,11.59,1,1,0.24,17.5
6,1,2.73,1.56,3,0,5,2.7,0.66,7.98,13.84,0,0,0.21,1.37,1,1,0.79,15.11
2,3,2.36,1.95,3,1,0,9.32,0.33,9.75,0.5,3,1,2.72,3.34,1,0,2.32,25.05
5,1,2.2,1.1,3,4,1,9.93,3.94,12.49,7.42,0,1,0.43,17.4,0,0,1.39,19.55
0,4,1.83,0.7,0,0,1,8.64,2.09,1.78,10.26,0,0,2.94,5.46,1,2,0.2,16.33
5,0,1.63,0.16,1,1,0,5.14,0.7,13.28,3.24,1,1,2.59,11.04,2,1,0.87,20.19
6,3,1.07,1.96,2,0,4,1.98,1.65,15.14,7.79,3,0,1.98,3.88,1,2,2.84,26.0
7,1,2.25,1.12,1,0,5,4.12,1.41,7.81,11.98,2,2,2.47,9.13,2,0,2.89,27.05
7,3,1.57,0.57,3,0,3,3.32,1.56,12.85,2.94,1,1,0.47,16.7,1,2,1.84,22.76
4,2,2.69,0.34,1,0,3,2.42,0.92,17.88,9.81,2,0,1.32,14.77,1,2,2.65,24.44
3,2,1.52,1.93,2,4,4,8.02,3.17,3.32,13.23,2,2,0.49,0.3,0,2,1.58,29.85
0,3,2.67,0.16,0,2,4,4.04,1.48,18.36,1.66,3,0,1.41,19.72,0,0,0.76,19.77
5,2,2.64,1.05,3,4,3,9.91,0.5,4.8,2.13,0,2,1.35,17.97,0,2,1.86,24.31
5,0,2.52,0.94,2,2,2,0.37,3.7,2.13,4.72,3,2,0.52,20.54,0,2,0.84,27.66
6,2,2.08,1.03,1,4,2,9.16,2.04,15.18,13.55,0,2,2.42,1.42,2,1,1.95,27.83
5,2,0.0,0.34,1,3,4,6.56,1.9,19.54,1.66,3,0,0.13,17.76,1,1,0.84,22.34
7,0,0.88,1.82,1,2,0,10.07,4.91,12.43,8.39,3,2,1.6,15.24,1,1,0.36,32.9
3,0,0.73,0.02,3,3,0,9.89,0.37,4.53,10.95,0,2,2.71,20.45,0,0,1.78,18.47
0,4,2.51,0.57,3,2,2,11.95,4.28,10.43,0.95,3,0,1.8,2.76,0,0,2.73,22.92
3,2,2.49,1.76,0,4,3,10.93,2.32,2.75,5.11,3,0,0.51,22.75,1,0,2.11,22.33
3,3,0.31,0.77,0,2,5,3.15,1.36,9.46,14.76,3,2,1.22,21.4,1,0,0.12,26.06
5,1,2.72,0.48,1,0,0,3.98,2.41,3.92,9.16,0,0,1.55,0.13,1,0,0.66,10.59
2,3,0.32,0.68,0,4,0,2.62,1.98,0.89,4.17,3,0,0.85,19.64,0,2,2.64,19.07
6,0,0.09,1.35,1,2,2,1.58,1.37,7.89,6.33,3,0,2.14,14.59,0,0,2.16,16.17
3,1,2.16,1.73,1,4,0,7.25,3.43,2.29,5.76,2,1,0.28,14.31,0,0,1.21,19.93
2,0,2.83,1.34,0,1,1,10.66,2.99,10.04,2.08,0,0,0.46,4.12,1,2,2.22,19.32
4,2,1.6,0.28,0,0,5,6.39,2.24,1.69,5.99,0,0,2.42,5.19,0,2,2.45,14.47
5,3,1.16,1.7,3,2,4,3.3,1.53,15.78,6.7,1,2,1.35,13.9,0,2,0.3,26.62
2,1,1.11,0.05,3,0,1,2.0,2.15,2.85,13.35,0,2,0.46,0.61,1,2,1.02,20.21
6,2,1.23,0.62,1,4,1,10.1,2.9,11.19,1.58,0,0,2.92,5.48,2,2,2.89,19.99
3,1,0.12,0.06,3,2,1,4.75,1.57,2.94,7.32,1,0,2.51,8.89,0,2,2.67,15.37
3,1,2.48,1.97,0,2,5,4.67,1.93,6.81,8.12,0,0,1.66,13.0,1,0,2.5,13.8
2,2,0.91,0.52,2,1,0,6.09,3.39,4.7,12.46,3,2,0.5,13.99,0,2,0.45,29.76
1,2,0.62,1.56,2,3,1,7.48,2.85,12.41,3.02,0,0,1.43,13.03,2,2,2.89,19.39
4,1,2.17,1.07,3,4,5,9.49,0.62,15.88,4.14,1,1,2.83,3.57,2,1,2.94,25.62
3,3,2.59,1.18,1,3,5,6.27,2.81,8.82,9.09,3,0,1.09,17.42,0,1,1.37,23.98
3,2,1.81,1.18,2,4,2,2.41,0.55,17.08,6.59,0,0,2.68,1.5,1,2,1.34,17.42
4,4,2.78,0.04,3,4,5,8.67,3.46,2.69,4.49,3,1,1.0,17.59,1,0,2.38,25.22
2,2,0.6,1.99,3,2,0,4.1,3.16,1.38,0.08,3,0,2.47,19.42,0,2,1.84,20.8
7,0,2.17,0.56,3,2,2,6.59,3.16,11.54,10.47,0,0,0.3,20.85,1,0,1.5,15.4
1,3,2.12,0.1,1,1,4,8.0,1.06,17.27,6.02,2,1,0.46,6.39,1,0,1.75,23.1
6,0,1.65,0.44,0,4,2,4.29,3.24,2.46,13.33,2,1,1.36,19.71,1,1,0.73,22.32
3,3,0.91,0.58,1,3,4,11.0,3.6,8.03,2.38,1,1,2.47,17.32,0,0,0.95,18.88
6,0,1.53,0.09,3,0,1,5.6,1.7,18.81,1.24,3,2,2.48,3.12,0,2,2.6,31.56
3,3,2.72,1.89,2,0,5,4.53,4.82,1.79,10.31,1,0,1.16,15.19,2,1,0.42,19.47
4,4,2.63,0.37,3,3,2,11.41,3.51,5.96,1.58,2,2,1.93,1.16,0,1,2.87,28.52
3,0,1.43,0.22,3,2,3,0.03,4.29,3.72,8.28,3,2,2.16,8.91,1,2,2.19,28.83
5,0,2.39,1.51,0,1,0,1.64,3.26,14.77,4.73,3,0,2.05,11.24,0,0,0.86,19.33
2,4,0.17,0.22,1,4,3,1.2,3.44,4.84,13.67,1,1,2.13,22.77,2,0,2.21,18.01
5,0,2.72,0.53,0,2,0,11.56,2.6,13.55,4.68,3,2,0.66,3.16,2,1,0.05,32.47
2,0,0.36,0.53,3,4,0,9.28,2.59,6.96,5.58,3,2,1.99,13.16,2,2,0.07,31.22
2,0,1.82,0.58,0,2,3,10.79,3.55,18.75,9.05,0,2,0.18,16.12,1,0,0.72,24.12
7,3,1.63,1.93,3,0,0,2.7,0.98,2.82,9.34,1,2,1.73,3.53,0,2,0.49,23.44
2,2,2.43,1.89,1,3,0,10.68,3.54,1.24,2.21,0,0,1.34,3.22,1,1,1.59,15.39
6,4,2.85,1.92,1,1,5,6.56,2.16,0.88,2.49,0,0,0.15,20.25,2,0,1.58,13.61
6,3,1.98,0.22,3,2,3,11.94,3.56,19.62,8.54,2,0,1.31,14.25,2,1,1.87,27.78
1,3,2.49,1.46,0,1,0,11.52,2.61,19.55,11.36,0,1,1.43,17.24,2,1,1.92,26.71
6,0,0.49,1.13,1,4,5,7.24,4.18,15.69,5.65,3,1,2.41,1.11,1,1,1.54,27.86
7,2,0.76,0.49,0,2,3,7.95,0.59,5.78,5.97,2,1,2.98,1.08,0,2,1.12,22.8
3,3,2.26,1.84,0,2,1,4.29,3.94,5.02,8.46,2,1,1.97,5.77,1,1,2.75,24.45
3,1,2.52,1.5,0,1,0,2.1,4.33,5.65,14.26,0,2,1.69,10.26,1,2,0.85,24.59
3,1,2.68,0.84,3,1,3,5.97,1.02,11.82,2.79,2,2,0.1,15.27,2,1,2.82,28.87
4,0,1.23,1.62,3,4,3,8.32,3.86,13.09,2.27,0,0,1.62,6.78,2,0,0.11,14.8
5,4,2.3,0.0,0,3,5,4.35,3.62,4.01,3.05,0,0,1.31,21.19,1,2,0.57,15.6
3,2,1.99,1.48,0,4,1,3.64,1.63,14.25,12.25,1,0,1.11,21.65,1,2,0.66,21.57
5,4,1.63,0.3,3,2,1,8.51,0.84,15.61,8.76,2,1,1.45,8.68,2,0,0.39,24.18
4,0,1.54,1.02,3,0,0,5.39,0.8,3.6,1.47,1,0,0.37,3.0,0,1,1.03,12.22
1,2,0.16,0.28,1,3,3,1.89,0.59,15.29,10.07,0,2,1.65,7.49,1,2,1.52,22.2
7,3,1.15,0.05,3,2,5,8.44,4.85,8.75,3.52,2,0,2.45,13.11,0,2,1.29,22.83
4,2,1.45,0.24,3,2,2,4.76,0.66,17.31,2.36,3,2,0.95,19.59,0,0,0.21,25.64
5,2,2.55,1.96,2,1,3,8.09,0.26,10.98,4.31,2,0,1.06,14.91,0,0,2.2,19.2
5,4,0.21,1.57,1,1,0,8.23,1.66,1.13,5.61,3,0,1.93,16.12,2,2,0.6,23.45
2,4,0.3,0.56,1,1,0,11.76,0.34,10.37,2.69,1,1,0.34,9.69,0,1,2.11,19.74
0,0,1.04,0.8,2,2,1,6.2,3.7,12.61,8.24,1,1,0.43,14.29,2,0,2.78,20.9
3,2,1.29,1.39,2,3,2,7.78,1.34,0.3,14.48,2,2,2.03,16.96,1,0,1.58,25.03
2,3,0.01,0.35,2,1,0,1.86,4.72,14.73,13.24,2,1,1.88,8.97,0,0,0.05,19.77
3,0,1.63,1.88,1,3,0,10.08,0.94,13.45,14.66,0,1,0.02,10.41,2,2,0.25,24.87
0,3,2.58,1.63,2,0,2,0.11,2.95,12.27,9.57,1,1,2.14,2.19,0,0,2.63,18.71
7,3,0.04,0.5,0,4,2,2.97,0.31,9.18,10.99,1,0,2.02,1.95,2,1,2.65,16.18
6,2,1.48,0.57,3,2,1,6.16,1.27,19.75,4.37,1,1,1.28,4.95,2,0,1.0,20.96
3,3,2.75,1.72,1,2,4,4.94,4.37,12.76,12.5,3,1,1.95,22.47,1,1,1.5,31.07
7,2,1.8,0.4,1,4,2,5.89,4.64,2.11,11.47,1,1,1.97,6.25,1,0,0.48,18.34
4,0,0.56,1.33,2,2,4,9.92,2.23,16.12,0.12,3,2,1.55,12.85,0,0,1.06,27.58
3,0,2.48,0.43,2,4,3,7.59,1.87,5.43,3.48,0,0,2.71,1.86,0,2,1.05,15.25
0,4,2.03,1.68,2,2,5,5.27,3.05,3.21,10.1,0,1,1.15,11.75,0,0,2.22,16.23
4,1,1.6,1.58,1,0,5,0.23,0.83,17.82,3.62,1,2,0.32,5.34,0,1,1.82,22.42
5,2,1.01,1.5,3,2,4,4.98,3.77,17.43,10.18,3,2,2.26,4.89,1,2,1.64,35.26
0,1,0.07,1.89,3,0,4,1.41,1.69,2.86,10.38,2,0,1.18,21.5,2,1,1.52,17.63
4,0,0.05,1.59,0,2,4,4.9,4.43,4.44,10.72,3,0,2.19,16.73,0,0,2.46,19.07
7,0,1.46,0.67,0,4,2,9.85,2.02,9.69,0.2,1,1,1.94,0.37,1,1,1.44,20.43
6,0,2.23,1.7,3,0,0,0.89,1.88,16.08,6.5,3,0,1.68,7.71,2,2,1.05,25.91
7,2,2.12,0.75,3,3,2,7.88,3.54,0.17,3.27,1,0,1.12,15.17,1,0,0.31,13.98
7,0,1.74,0.85,1,4,4,4.2,3.39,15.17,0.22,2,0,1.16,15.9,2,1,2.25,21.62
0,2,1.3,1.55,1,4,4,7.59,0.78,9.48,10.75,1,2,0.56,14.39,1,1,2.61,26.14
1,3,2.24,1.12,1,1,1,4.59,4.11,13.19,11.94,3,1,2.08,6.34,1,2,1.91,31.26
0,4,2.48,0.93,1,4,2,7.14,1.32,13.24,12.22,3,2,2.95,18.88,1,0,2.24,31.4
0,3,0.65,0.93,1,4,4,10.66,4.12,12.6,12.87,3,1,1.29,4.83,2,0,1.31,28.29
4,1,2.53,0.5,1,4,5,1.14,4.99,6.53,11.22,3,0,2.57,23.94,2,2,0.12,25.91
4,4,0.39,0.04,2,4,2,4.87,0.07,1.6,4.68,1,1,0.05,22.0,0,2,2.51,18.25
2,1,1.69,1.25,0,4,1,4.69,0.35,12.77,11.0,1,1,0.42,13.89,2,2,2.78,25.12
5,1,1.03,1.06,2,4,2,5.32,2.47,17.22,6.92,1,0,1.51,22.78,0,1,1.09,18.61
5,1,0.33,1.85,3,4,0,7.73,4.87,1.4,8.32,0,2,1.8,4.3,1,1,1.74,21.74
0,4,2.85,0.12,1,0,2,8.4,4.19,16.06,14.41,2,1,1.21,3.69,0,0,0.83,25.19
3,1,2.22,0.19,2,3,4,5.08,0.42,12.14,13.21,3,1,1.98,5.07,0,2,2.66,28.93
7,2,2.21,0.57,2,0,2,2.41,1.08,13.82,9.05,0,2,2.54,1.5,2,0,2.93,21.45
0,0,2.56,1.88,2,2,1,0.85,1.05,4.59,7.04,1,1,0.22,10.52,2,0,2.28,17.03
7,3,0.84,1.6,1,4,5,0.25,4.13,7.31,5.31,0,0,0.51,21.56,1,1,2.59,14.07
6,1,2.49,1.41,1,4,5,9.37,1.52,6.23,0.05,3,1,2.63,10.6,2,2,1.19,29.75
6,1,0.85,0.73,1,4,0,6.89,3.34,15.54,12.93,2,2,1.61,20.16,0,0,2.82,27.75
1,2,1.57,0.94,0,3,3,8.24,3.29,2.34,12.0,3,2,2.1,9.99,1,0,2.67,28.31
0,4,1.53,1.47,3,1,5,7.74,1.15,11.05,5.58,3,2,0.42,13.7,0,1,2.56,30.45
2,4,1.22,1.81,3,4,5,11.64,2.86,2.86,5.62,2,1,1.1,2.09,0,2,2.54,26.83
6,4,0.53,1.35,0,4,1,6.26,2.94,15.03,9.35,1,1,0.16,9.04,0,1,0.8,21.57
0,4,0.28,0.97,1,2,4,11.34,3.05,18.49,11.79,0,2,0.02,18.54,0,2,1.46,28.43
1,0,2.11,1.87,1,4,5,9.93,0.85,0.61,3.07,2,0,1.53,14.76,0,1,2.32,18.75
4,3,0.84,1.71,0,0,3,0.3,2.25,4.75,0.74,0,0,0.33,14.6,2,1,2.09,11.39
2,1,1.18,1.5,2,0,0,2.84,3.39,11.32,13.94,1,1,0.2,0.46,2,1,0.26,21.43
0,2,1.26,0.59,0,2,1,8.01,4.67,5.31,9.17,2,1,0.89,14.87,0,2,1.52,25.23
5,1,2.74,0.68,0,3,1,8.59,3.53,12.45,14.85,1,2,0.43,7.52,0,1,1.03,27.71
7,0,2.81,0.37,3,1,3,2.38,0.82,4.8,10.65,2,2,2.9,10.72,1,2,0.74,27.78
5,1,2.71,1.3,3,1,2,10.85,4.09,15.14,0.83,2,2,0.64,15.92,1,2,1.21,33.77
6,1,2.69,1.82,2,0,5,2.29,0.92,6.84,6.45,0,1,0.52,11.66,1,0,1.48,15.31
1,3,2.2,1.26,3,0,1,6.56,4.51,6.88,11.0,3,2,2.79,19.7,1,2,2.1,35.1
7,1,1.68,1.89,3,2,4,9.36,0.49,1.51,5.42,2,0,1.76,5.43,2,1,2.22,20.88
3,2,1.98,1.06,3,1,4,6.82,1.48,18.77,12.28,1,1,0.78,23.27,0,2,0.43,26.72
6,3,0.08,1.05,1,4,0,3.03,2.89,7.18,12.35,0,1,1.43,8.42,1,2,0.16,18.71
5,1,0.47,1.67,3,4,5,6.79,0.91,2.79,8.65,0,2,2.34,6.62,2,1,2.04,21.82
1,0,1.26,1.2,2,4,1,4.89,0.81,13.13,14.57,0,0,2.14,1.64,2,2,1.84,19.17
2,3,2.08,1.3,3,3,2,4.84,4.17,16.29,9.18,0,2,0.77,2.54,0,1,2.03,24.57
5,4,0.21,0.79,3,2,3,10.89,0.78,4.4,7.77,1,2,0.29,7.62,2,2,0.79,26.85
6,4,2.51,0.1,3,2,1,3.8,1.43,1.83,4.72,1,0,2.34,9.56,1,2,2.68,17.93
6,4,0.02,1.89,0,3,3,9.22,2.5,8.68,3.74,1,0,0.93,13.75,2,2,0.82,20.87
2,2,2.94,1.93,3,0,0,2.53,4.29,16.41,6.61,0,1,2.35,6.38,2,1,0.08,21.79
3,3,1.98,1.38,0,2,0,2.38,0.33,17.74,6.3,3,2,1.25,3.85,0,2,2.27,31.23
5,1,0.25,0.79,2,0,0,7.94,3.01,3.26,3.51,2,0,2.5,23.39,2,0,0.69,16.45
7,1,2.78,0.84,1,2,2,5.04,0.05,17.16,10.97,3,1,2.34,7.53,2,1,1.77,29.79
4,3,2.92,1.09,2,2,2,6.79,3.76,2.64,7.7,2,0,2.5,19.34,0,0,0.68,18.12
4,4,0.27,0.39,1,4,3,3.45,1.4,6.64,9.94,3,0,1.33,8.03,2,1,1.66,20.88
4,1,0.63,0.59,2,3,4,1.79,1.34,7.22,6.13,3,1,0.17,0.83,0,2,2.09,23.36
4,2,1.92,0.52,1,3,3,3.74,0.61,2.22,9.72,3,2,2.37,3.39,1,1,0.14,26.05
6,2,1.08,1.34,0,3,1,0.36,2.22,10.09,1.76,1,1,1.06,18.28,0,0,1.91,14.99
6,4,2.3,0.87,1,1,1,3.96,2.82,17.01,3.02,0,2,2.07,19.76,2,0,2.34,23.17
1,1,0.76,0.94,2,3,0,7.83,3.9,15.83,9.04,3,2,0.38,23.5,2,2,2.54,36.08
3,2,2.03,1.19,1,0,1,6.9,2.15,5.52,11.53,0,1,2.08,5.6,0,0,1.96,16.18
6,4,1.95,0.42,0,3,1,0.54,3.67,6.83,7.18,1,0,1.4,0.33,0,1,2.53,14.74
6,3,2.33,1.35,3,2,1,7.97,4.83,1.01,13.36,3,0,0.07,8.71,1,1,2.52,25.35
7,1,2.75,0.81,3,3,4,3.52,2.63,13.96,13.5,0,0,2.51,14.75,1,2,0.76,20.63
4,2,0.25,1.85,0,2,5,5.31,0.21,13.69,13.54,2,1,0.38,3.03,2,0,2.49,23.07
6,3,1.95,0.21,3,2,5,1.42,0.0,14.24,5.35,2,1,0.04,12.97,0,2,2.47,24.09
4,0,1.66,1.62,2,1,4,11.87,1.13,7.8,7.2,3,2,0.24,19.91,1,2,1.6,34.26
1,2,2.67,0.93,2,1,4,3.67,2.01,13.45,10.23,0,2,1.09,17.72,0,2,0.36,24.85
3,4,0.77,1.61,2,2,5,1.11,3.9,13.47,11.51,3,2,1.85,20.4,2,1,1.57,32.14
2,1,0.89,0.56,0,3,2,9.99,4.88,9.48,1.0,2,1,0.89,22.38,1,2,0.82,26.17
5,3,0.92,1.23,0,2,2,1.63,4.47,1.49,13.62,3,0,2.1,18.49,2,2,2.73,25.11
5,4,0.95,0.11,0,4,5,3.64,4.83,12.56,13.96,2,1,0.92,8.88,0,2,2.37,27.01
1,3,1.74,0.69,0,4,2,0.92,0.83,1.22,7.49,2,1,1.06,9.62,2,1,2.65,20.13
2,1,1.84,1.23,1,3,1,0.74,4.07,18.81,9.73,1,0,0.45,11.46,2,0,0.33,17.11
2,3,0.89,0.33,3,1,3,8.81,1.04,1.17,8.29,1,1,2.62,13.85,0,2,0.89,20.69
3,2,2.04,1.19,0,1,3,3.56,0.72,3.03,6.49,3,0,0.24,22.55,1,2,1.51,22.28
5,2,2.37,1.83,3,1,1,3.32,4.7,2.49,13.13,2,1,0.53,17.33,1,2,1.55,27.12
6,4,0.03,1.79,1,4,3,11.41,0.11,19.65,1.29,2,0,0.84,3.17,2,1,1.93,23.47
4,3,0.16,1.2,2,1,3,9.03,4.53,16.71,2.95,2,2,1.76,8.47,0,1,0.65,28.26
6,1,2.35,1.2,2,2,5,1.98,2.08,0.29,7.18,1,0,2.46,19.8,0,1,0.85,14.29
2,1,1.63,0.75,2,4,2,1.96,0.92,4.05,5.8,1,2,2.56,22.86,2,2,0.58,24.13
6,3,0.02,0.05,3,4,2,10.54,2.79,19.2,0.73,2,2,0.13,4.45,0,0,1.35,25.25
1,2,1.77,0.91,0,0,1,2.04,0.63,2.47,7.78,0,0,0.18,16.58,0,2,0.14,11.55
5,4,0.27,0.57,2,3,0,0.66,1.66,15.32,6.21,3,0,0.07,23.72,2,1,1.8,21.89
7,4,0.71,0.19,1,1,1,8.13,2.73,9.5,13.84,2,0,0.84,8.4,2,2,2.98,25.46
4,1,2.62,1.66,3,0,0,4.92,4.89,3.62,11.99,1,2,0.82,17.56,0,2,1.57,27.81
3,4,0.54,1.91,2,1,2,5.52,3.38,12.37,8.53,1,2,1.19,3.19,2,2,1.72,29.04
1,4,2.97,0.42,2,2,2,8.41,2.95,18.77,5.25,2,0,1.97,4.77,2,0,0.67,22.56
7,2,2.48,0.51,2,1,3,8.39,1.65,14.89,6.19,0,1,1.54,3.13,0,2,0.95,22.33
5,4,0.18,1.39,1,0,1,0.08,2.48,5.71,11.02,0,2,1.75,22.6,2,0,1.41,18.16
7,2,1.88,1.1,0,4,2,10.76,0.98,0.45,12.92,2,1,2.67,14.33,2,2,1.29,28.07
7,2,0.77,0.65,0,1,3,9.49,1.92,8.72,8.91,0,1,0.2,19.96,2,2,2.17,23.04
1,0,0.64,0.57,3,4,0,7.26,1.94,17.27,4.63,1,0,0.06,3.69,0,2,1.99,19.11
6,1,2.66,1.63,3,1,4,8.64,1.44,17.6,0.74,1,0,0.41,0.02,0,0,0.07,16.49
3,4,2.02,0.48,3,0,3,6.15,3.4,18.63,9.31,3,2,0.25,9.26,1,2,2.66,36.17
6,0,0.46,0.66,2,0,4,8.06,3.65,11.5,3.1,1,2,0.94,10.26,1,0,0.7,21.81
2,3,0.81,0.4,3,0,3,9.54,1.62,15.3,2.15,2,1,1.92,0.61,0,0,2.71,21.58
5,2,0.75,0.63,3,2,1,6.55,4.63,17.43,11.78,3,0,2.74,2.34,1,0,0.98,23.51
6,0,2.01,0.46,2,2,5,3.74,4.01,17.23,2.06,1,0,2.05,5.65,2,2,2.84,22.42
7,2,2.41,1.97,0,3,2,10.48,0.84,1.07,10.76,2,1,0.26,4.67,2,2,2.03,28.16
0,1,1.21,1.16,2,0,2,9.52,4.91,18.65,14.01,2,1,2.01,16.73,2,2,2.64,33.54
7,3,0.34,0.82,1,1,5,4.2,4.31,4.66,10.43,1,2,2.59,3.17,0,1,2.73,23.25
4,0,0.17,0.51,1,0,4,6.25,2.2,17.6,7.58,0,0,0.42,23.59,1,1,0.22,15.32
5,0,1.79,0.83,0,4,4,9.81,4.48,17.06,10.1,2,0,0.83,1.11,0,2,0.96,25.73
5,0,2.99,0.87,3,2,0,6.85,2.39,17.24,1.58,2,1,2.53,17.82,2,0,0.36,24.59
5,0,2.17,1.86,0,0,3,6.15,1.74,7.5,9.32,3,1,0.33,0.85,1,1,0.7,25.73
6,1,0.57,0.08,0,1,5,4.09,2.22,13.51,7.63,2,1,2.6,0.24,1,1,1.38,22.21
2,1,2.96,1.51,1,1,0,10.64,1.99,17.26,4.01,1,1,2.58,7.82,1,2,0.37,27.29
5,3,2.48,0.0,0,0,0,2.8,0.34,3.74,8.33,2,2,1.09,10.53,2,1,1.48,24.63
0,1,0.32,1.91,3,1,1,3.58,1.6,3.29,11.75,1,2,1.9,2.97,1,2,2.28,24.5
0,3,2.59,0.24,0,2,0,2.96,4.3,3.38,12.81,3,1,1.54,18.47,1,2,0.04,27.23
2,3,1.82,1.01,1,4,3,9.05,2.23,11.84,10.51,1,0,1.34,19.92,1,0,1.94,18.97
5,4,1.2,1.59,1,4,0,0.48,1.37,19.11,14.3,1,0,0.13,4.3,2,0,2.12,17.82
1,1,0.33,1.96,2,4,1,9.22,3.14,12.67,6.75,0,2,2.24,19.82,2,1,2.77,26.08
0,0,1.69,1.34,1,1,1,7.16,4.07,7.64,1.98,1,2,0.71,7.2,0,2,2.28,25.48
3,0,0.58,0.94,1,1,3,6.21,2.07,3.99,6.19,3,2,1.73,20.49,0,0,1.08,23.91
4,0,0.24,0.29,3,0,0,2.78,4.24,7.95,3.68,3,0,1.03,2.68,1,1,0.62,18.22
2,4,1.64,1.77,3,1,4,10.52,3.64,6.03,8.99,0,0,2.67,2.76,1,2,2.21,20.92
7,2,0.16,0.63,2,3,4,10.47,0.44,9.75,10.37,1,0,1.33,11.74,1,0,2.73,16.94
0,3,2.29,1.62,2,2,2,9.56,4.16,19.72,11.87,1,2,1.02,13.07,0,1,1.19,30.62
0,0,1.21,1.35,1,4,3,7.43,2.4,13.23,3.29,1,1,1.79,11.63,0,0,1.14,18.2
2,3,1.59,0.79,1,3,5,3.6,4.81,10.71,9.27,1,1,2.0,12.26,1,1,2.93,23.08
6,4,1.99,1.68,3,1,3,10.28,4.69,9.85,10.51,3,1,1.72,8.2,0,1,0.21,29.89
7,3,0.36,0.66,2,4,2,2.3,2.78,11.68,3.1,0,2,0.25,8.55,0,2,0.82,20.66
2,1,2.22,1.58,0,2,4,3.44,2.59,14.96,12.55,1,1,2.0,10.45,1,2,2.16,26.25
3,3,0.28,1.06,1,1,0,1.46,1.51,10.65,8.47,3,1,0.5,9.11,1,0,2.91,21.53
4,2,2.77,1.52,1,4,2,5.85,0.12,4.98,6.12,1,2,0.41,17.47,0,0,1.16,20.7
4,1,0.83,1.12,1,3,0,3.93,3.69,0.73,7.12,3,1,2.76,0.29,0,2,2.22,24.41
7,2,0.26,1.94,3,4,0,2.84,2.42,8.58,1.12,0,1,0.58,12.12,1,1,1.73,16.01
2,1,1.21,0.85,2,4,0,10.13,1.31,8.43,0.6,2,2,1.73,13.7,1,1,0.95,26.13
4,3,0.69,0.81,0,2,1,11.64,4.33,12.02,10.51,3,1,1.89,10.94,2,1,2.27,31.12
5,0,0.29,0.84,0,1,0,6.57,0.82,1.28,4.76,2,1,1.55,2.46,2,1,0.05,18.73
3,1,1.13,1.21,1,4,1,10.21,1.73,0.7,11.19,0,2,2.64,15.57,1,0,0.81,19.65
5,1,2.53,0.95,2,3,2,3.61,0.92,15.13,7.11,2,1,2.83,23.89,0,0,0.44,21.7
2,4,0.39,0.41,0,3,4,3.81,0.04,7.64,4.53,0,0,1.62,21.92,1,2,0.4,13.41
5,1,2.25,1.88,3,1,5,1.19,2.14,12.57,3.23,0,0,2.79,4.92,0,2,2.22,16.64
4,4,1.16,0.57,3,3,1,0.56,1.69,8.1,3.59,0,2,1.92,20.41,2,2,1.63,22.36
0,1,2.27,0.79,0,4,1,8.91,1.14,1.17,4.5,1,0,0.5,8.52,2,2,2.6,19.08
5,1,2.02,0.03,1,3,0,3.39,2.93,5.13,14.01,3,2,2.39,12.19,2,2,1.54,32.17
6,0,2.15,1.16,2,4,2,5.48,2.38,7.72,14.5,1,0,0.25,20.71,2,0,0.33,17.55
4,3,2.63,0.41,2,4,3,0.66,4.86,10.25,4.36,1,0,2.57,7.32,1,1,0.39,16.73
3,3,2.34,0.94,2,0,3,0.9,1.88,16.41,0.11,3,1,0.99,1.26,1,1,0.76,24.29
2,3,2.12,1.04,0,3,0,3.38,0.92,0.79,0.33,0,1,0.4,11.23,0,1,1.37,12.58
2,3,1.69,0.22,3,0,5,5.19,2.68,9.54,5.84,1,0,2.68,8.06,0,2,0.17,18.16
5,3,1.36,0.56,3,4,4,6.96,1.41,5.58,6.07,0,0,0.16,13.89,0,2,2.19,15.96
4,4,0.78,0.63,0,1,4,5.67,3.56,7.86,3.88,0,2,2.38,15.01,2,2,2.04,24.7
5,1,2.88,1.08,0,2,1,5.4,3.46,14.66,14.93,0,1,1.61,12.8,0,1,0.39,21.49
5,3,2.54,0.12,3,2,5,3.55,0.45,13.36,2.0,1,2,0.51,9.23,2,0,2.35,22.68
7,3,2.38,1.15,2,4,3,8.47,0.94,15.01,3.54,2,2,0.56,4.37,1,1,2.53,29.98
7,2,2.12,1.31,0,4,1,10.42,2.92,14.36,5.58,1,1,0.79,13.95,0,1,0.37,23.6
2,2,1.65,1.03,1,3,3,3.88,4.45,3.21,2.6,2,2,0.36,5.53,2,2,1.16,27.35
0,0,0.14,1.9,3,1,1,3.71,4.87,8.22,6.67,1,1,2.36,9.72,0,2,2.55,21.9
2,1,0.19,1.19,1,2,5,4.75,3.44,16.3,6.26,3,2,2.81,16.25,2,2,0.21,33.14
4,0,1.86,1.09,3,1,0,3.25,3.8,14.45,0.11,0,2,0.42,20.79,2,2,2.4,25.53
0,4,0.2,0.63,2,3,0,9.33,4.29,16.9,5.4,0,0,0.18,16.84,0,0,1.23,14.17
3,3,2.08,1.53,2,2,2,3.53,2.23,14.54,10.39,2,0,0.68,15.9,0,1,0.47,20.91
7,4,0.01,0.52,1,2,5,10.67,2.85,12.63,7.78,3,2,0.7,11.81,1,1,0.55,31.3
7,3,0.97,0.52,0,3,0,5.46,0.82,6.08,9.32,1,1,2.7,15.08,2,0,2.5,18.77
4,0,1.94,0.92,2,4,1,7.67,0.41,8.7,4.39,1,2,0.4,16.6,1,2,0.49,25.82
5,2,1.47,1.05,0,0,2,10.93,2.18,2.58,11.13,0,2,0.95,14.92,1,2,0.41,24.92
4,2,1.16,1.89,1,4,1,6.08,2.86,18.65,12.87,1,2,1.31,11.14,0,2,0.07,29.49
1,2,2.18,1.67,2,1,2,1.1,3.4,17.59,7.71,2,2,0.77,18.43,2,1,1.77,30.02
6,2,0.29,0.13,0,1,4,10.3,2.32,15.69,14.2,1,1,2.79,8.12,0,2,1.43,25.9
5,1,2.05,1.32,1,3,1,3.79,0.63,13.11,0.6,0,2,2.61,21.38,2,2,0.23,24.05
5,2,2.46,0.49,2,0,2,4.22,2.23,13.43,5.01,3,2,1.89,0.6,1,1,1.31,29.66
0,4,1.64,0.18,1,1,4,8.73,4.35,3.79,6.02,2,2,1.19,3.0,1,1,0.61,26.25
4,0,1.62,0.57,2,4,1,5.29,1.3,16.77,10.73,0,0,2.68,16.55,0,2,2.08,18.87
1,0,2.28,1.24,2,1,1,2.21,0.53,16.26,8.68,1,0,2.34,16.88,2,1,0.17,18.46
4,3,2.55,0.57,0,0,0,5.18,0.17,19.08,3.15,2,1,2.32,5.23,0,1,1.45,23.49
7,1,2.28,1.0,3,2,0,3.04,4.48,11.48,5.26,0,2,1.48,21.88,0,2,0.5,24.3
2,1,2.95,1.81,1,2,2,3.11,4.39,3.93,14.21,1,0,1.84,5.35,1,0,2.84,17.18
3,4,0.9,0.38,3,3,0,6.89,2.57,10.27,1.61,2,1,1.36,17.61,0,0,1.63,19.79
3,3,0.71,0.33,3,0,1,6.45,3.39,13.65,9.43,2,0,0.12,10.93,2,2,2.5,24.8
5,0,0.49,1.38,1,2,0,11.83,3.43,4.87,11.98,2,0,2.34,21.84,0,2,0.65,23.47
3,2,1.72,0.2,3,1,2,2.1,4.37,14.75,3.79,3,1,0.8,21.89,0,1,2.16,25.66
6,1,0.08,0.75,1,1,0,1.15,4.49,18.71,14.7,1,1,0.52,1.11,1,1,2.74,22.32
3,1,0.02,1.61,0,3,5,8.15,1.18,1.68,11.55,0,1,2.97,8.26,1,0,0.9,14.63
5,1,0.82,1.63,0,4,5,1.11,2.0,8.38,7.72,2,0,2.72,3.31,2,0,0.06,15.63
5,0,1.97,1.45,2,1,1,3.67,2.42,1.26,9.17,3,2,1.08,18.07,1,2,0.38,29.62
5,2,2.99,0.95,1,4,5,9.56,2.98,17.73,6.16,1,2,1.89,10.02,0,1,1.93,29.4
4,2,1.35,0.69,0,3,5,6.07,0.81,19.19,12.77,0,2,1.22,18.3,2,2,2.84,29.16
7,1,1.31,1.05,1,1,4,5.07,3.59,8.85,10.98,2,2,1.15,4.27,0,1,1.88,26.96
4,0,1.25,0.52,0,3,0,6.49,0.26,14.02,0.84,1,0,2.99,11.52,0,0,1.7,12.95
0,1,1.35,1.44,2,0,3,2.31,2.32,4.92,13.72,1,1,2.86,12.79,2,1,1.63,21.05
6,1,2.79,0.92,1,4,2,0.61,2.34,17.06,14.0,1,1,0.38,9.17,1,2,2.0,25.77
7,0,2.14,0.86,0,3,3,7.78,1.23,14.35,11.65,2,2,1.24,2.41,0,1,0.07,27.96
7,2,1.6,1.99,1,4,2,7.62,0.21,4.14,13.88,3,1,0.31,16.86,2,1,0.81,27.77
1,2,1.22,1.96,1,0,0,1.46,3.17,17.98,9.36,0,0,0.35,20.26,2,1,1.56,17.41
3,3,0.24,1.34,2,1,3,2.59,4.07,4.34,8.13,2,1,0.44,22.58,0,2,1.7,23.12
1,0,0.82,0.8,2,3,3,0.54,0.72,0.28,8.5,2,1,2.0,19.74,0,0,2.71,15.57
3,4,0.22,1.37,1,0,1,5.82,0.75,12.97,2.59,0,2,1.84,3.77,2,2,1.56,23.63
4,1,1.88,0.51,2,2,3,11.75,2.51,9.1,11.3,3,1,2.01,19.56,0,0,0.0,25.99
0,3,0.39,1.44,3,1,4,11.53,4.51,13.94,1.45,0,1,0.96,18.32,1,0,1.16,19.19
3,1,0.13,0.58,2,1,1,5.44,4.27,11.63,1.18,0,0,1.42,8.68,1,1,1.59,13.26
5,2,2.39,0.68,1,0,1,7.05,4.67,14.52,13.77,1,2,1.81,12.67,0,1,0.72,28.08
4,2,0.92,0.34,0,0,2,6.53,2.76,7.13,6.71,1,2,1.13,6.2,0,1,1.37,21.92
3,0,0.62,1.42,0,2,3,9.31,1.69,11.27,3.07,1,2,0.16,20.46,1,1,2.62,25.18
5,1,1.29,0.38,0,1,0,6.23,1.17,2.47,1.86,2,1,2.2,7.72,1,1,0.81,19.01
1,0,1.98,1.98,3,1,5,0.62,0.57,0.08,14.99,2,0,2.36,12.23,2,2,0.45,20.49
6,2,1.13,1.51,1,2,1,3.76,3.1,12.77,10.49,1,2,2.55,12.79,1,2,2.22,28.72
2,4,2.27,0.19,1,1,2,11.92,0.87,13.45,2.6,2,1,1.52,16.32,0,0,2.24,23.25
6,2,2.0,0.99,3,3,1,8.76,4.44,1.23,6.75,0,2,1.7,15.59,1,0,1.38,20.78
0,0,2.51,1.02,1,2,3,2.05,0.99,6.38,8.9,0,2,0.33,9.35,1,0,0.05,16.62
5,2,0.27,0.51,3,4,5,9.39,4.69,13.84,2.34,0,1,2.53,5.02,2,2,2.68,24.16
2,1,0.27,1.9,3,2,1,3.79,3.94,13.64,13.33,0,2,2.79,2.52,1,1,1.56,23.66
6,1,0.45,1.6,2,3,5,4.55,0.24,3.53,14.34,1,1,1.06,12.08,1,0,1.66,17.4
6,1,2.92,0.32,3,2,2,4.69,3.33,4.31,3.32,2,1,1.5,9.96,0,0,2.39,19.74
3,3,1.67,1.78,2,2,1,4.8,2.75,12.39,9.95,2,1,0.65,2.89,1,1,0.47,24.55
0,1,2.53,1.0,1,2,2,3.64,3.19,7.0,13.93,1,0,1.65,14.18,2,0,1.87,17.25
0,3,1.62,1.61,3,2,0,8.56,1.04,11.38,13.02,1,0,0.26,7.27,2,2,2.89,23.95
6,4,2.98,1.4,2,3,5,1.0,3.62,6.23,11.74,3,2,1.46,18.67,1,1,1.51,31.21
3,1,1.58,1.62,0,0,5,8.05,1.35,5.55,14.0,0,0,1.73,15.55,1,1,1.85,16.79
0,4,1.64,0.72,1,1,0,11.41,2.04,9.33,0.79,0,0,2.15,12.91,2,0,0.73,14.12
6,0,0.57,0.92,1,3,2,7.74,3.25,16.49,6.27,3,2,0.82,23.52,0,1,2.13,31.23
2,3,0.03,0.3,2,1,5,11.62,2.7,9.16,14.18,2,2,0.19,11.18,0,1,1.41,28.35
4,1,1.75,0.71,2,0,3,10.99,3.08,3.85,9.1,1,2,1.58,17.23,0,2,2.84,28.4
1,2,0.32,0.35,2,0,2,2.96,2.3,12.57,8.36,0,2,0.84,13.56,1,0,2.18,18.29
0,0,2.97,0.56,1,2,3,10.28,3.42,17.65,3.05,3,0,1.98,12.55,1,1,1.54,26.76
0,3,0.14,0.7,3,0,0,3.73,4.43,15.5,11.03,2,1,2.97,11.17,2,1,0.79,25.27
5,0,0.47,1.9,3,0,5,7.09,3.61,18.83,13.22,3,0,2.32,13.49,0,2,0.34,28.38
2,4,1.59,0.54,3,2,3,0.39,2.98,10.78,14.53,3,0,0.19,13.24,1,1,2.99,23.4
0,0,2.16,0.46,3,1,0,3.18,3.43,18.98,4.02,3,1,2.56,8.56,1,2,2.84,29.98
6,1,1.35,1.59,0,1,3,6.21,0.59,10.56,1.9,2,2,1.45,14.94,2,2,0.58,28.88
7,1,1.48,1.67,3,0,0,7.25,1.49,8.22,3.27,3,0,0.39,8.92,0,2,0.67,23.05
0,4,0.6,0.16,1,2,0,1.02,4.04,15.43,13.73,2,2,2.05,1.26,0,1,2.4,26.36
6,4,0.7,1.69,1,0,2,8.85,3.14,9.43,14.4,2,0,2.72,17.51,2,2,1.1,26.95
4,4,1.66,1.8,3,4,1,0.9,1.25,13.39,13.32,2,1,1.82,4.52,0,0,2.9,22.09
3,0,0.26,1.12,2,1,1,5.3,1.67,10.44,8.78,3,2,2.28,17.11,2,0,0.16,26.68
4,3,2.87,0.48,1,4,0,4.84,3.38,3.8,12.28,0,0,1.97,8.19,1,2,1.65,18.04
0,3,1.91,1.95,1,3,4,4.45,2.84,17.63,14.13,2,1,0.26,16.06,1,0,1.41,25.56
0,4,0.57,1.58,3,2,2,10.25,3.74,5.45,1.76,3,0,2.71,10.71,0,0,2.83,20.5
7,2,1.56,0.95,1,2,3,6.44,4.68,6.17,13.04,1,0,0.74,0.87,1,1,2.19,19.31
7,0,1.11,1.0,2,4,5,5.82,2.7,16.37,2.58,3,1,2.08,13.34,2,2,1.24,30.44
3,0,2.79,1.9,3,0,4,1.02,2.25,15.13,11.91,2,1,2.68,6.42,2,0,2.7,25.09
1,0,2.58,0.18,1,1,3,4.9,2.14,11.71,7.82,2,1,0.2,17.51,0,1,1.08,22.63
2,1,1.16,1.59,0,3,3,8.93,0.76,2.61,5.18,1,0,0.12,19.94,2,0,1.82,14.78
4,1,0.13,0.52,0,0,2,10.37,1.55,13.88,0.24,2,1,1.06,13.04,1,2,2.41,25.66
3,1,2.41,1.12,3,1,2,4.31,3.05,7.65,4.57,3,2,0.01,5.45,1,1,2.55,29.21
0,0,0.8,0.49,3,4,3,5.98,2.19,4.37,1.96,2,0,0.46,16.93,2,2,1.41,19.78
7,0,2.66,1.78,1,4,4,7.15,0.45,6.75,1.35,0,1,2.42,11.03,1,2,2.8,21.44
7,3,1.99,1.42,0,1,4,2.86,4.69,3.42,1.7,3,2,2.59,11.45,0,1,2.04,27.47
3,2,1.22,0.57,1,0,3,5.4,4.18,11.45,14.99,3,0,0.84,3.83,1,0,0.86,21.61
0,4,1.68,1.04,0,1,3,1.35,4.35,12.72,2.47,3,2,0.86,17.68,0,2,2.97,30.89
1,1,1.28,1.1,2,3,3,8.75,4.37,18.77,12.08,3,0,1.65,19.82,1,0,0.32,25.34
4,0,0.76,2.0,0,2,0,6.32,0.29,2.21,3.29,2,0,1.3,19.19,2,0,1.28,15.11
4,4,0.95,1.55,1,0,2,9.55,2.39,2.62,3.53,1,1,2.58,17.03,2,1,2.8,22.41
1,1,2.43,0.39,1,3,0,4.86,4.66,1.78,7.67,3,1,2.71,3.76,2,1,1.86,25.69
4,2,2.9,1.83,0,1,1,8.94,2.57,6.62,12.56,2,0,1.8,1.72,1,2,2.79,26.1
0,2,2.34,0.04,2,4,2,8.83,4.96,12.58,5.55,3,1,2.62,19.55,1,0,0.6,26.71
6,4,0.94,0.61,0,3,4,6.04,0.41,12.4,5.1,3,2,1.3,4.63,1,1,0.8,28.34
0,0,0.62,0.64,2,1,2,11.24,0.53,16.84,7.24,2,0,1.53,11.45,2,1,1.48,22.83
5,1,0.35,1.6,1,0,4,2.39,0.19,12.87,3.94,2,1,0.69,19.25,2,0,1.45,19.75
4,3,2.93,0.4,2,4,5,2.07,1.9,18.22,9.23,2,1,2.8,1.16,0,2,0.12,26.58
0,3,1.95,1.4,3,1,5,7.85,2.56,3.18,0.8,0,0,0.15,13.66,1,1,2.27,14.44
4,1,1.78,1.08,3,3,0,9.16,0.68,4.57,13.24,3,1,0.73,21.8,2,0,2.46,26.57
7,2,2.03,1.41,2,0,2,3.83,4.84,18.66,13.06,3,1,2.07,21.67,0,1,1.24,30.58
6,3,0.23,1.15,1,0,5,3.51,0.84,7.58,5.3,3,0,2.02,12.21,0,0,2.5,17.14
1,0,0.91,0.86,0,4,3,9.63,1.74,13.88,2.39,3,1,1.21,10.94,1,0,2.46,24.52
0,2,1.98,0.78,0,2,0,4.65,1.73,16.72,1.52,1,0,0.75,19.34,2,1,0.57,17.88
6,2,2.6,0.48,3,2,2,10.73,1.14,14.8,4.65,2,0,2.1,9.64,2,2,2.2,27.18
3,0,0.01,0.02,0,1,3,7.03,2.93,8.91,12.54,1,1,1.35,12.9,0,0,1.18,16.95
7,0,0.45,1.87,0,2,3,9.42,3.98,2.71,6.71,0,0,0.91,11.23,0,1,1.39,13.97
7,0,1.37,1.11,1,1,0,11.32,2.6,13.54,11.68,3,2,1.8,0.82,1,1,0.46,32.74
2,0,0.04,0.04,1,4,1,9.67,0.29,18.42,13.12,1,0,0.03,6.19,2,0,1.45,17.42
3,2,0.06,1.31,2,1,0,11.94,2.41,15.12,6.78,2,1,1.78,20.05,1,2,0.71,28.72
0,3,0.6,1.92,1,3,1,7.97,2.64,19.39,10.86,0,2,0.32,16.52,0,0,2.72,23.54
3,0,0.03,1.4,2,4,4,5.9,3.92,11.68,1.24,0,1,0.83,7.79,2,1,0.85,17.92
1,1,2.75,0.39,2,0,4,9.29,3.28,9.43,8.57,1,0,2.16,18.09,1,1,1.33,20.59
0,3,1.97,0.48,0,1,5,6.1,1.59,14.62,4.32,3,1,0.21,20.75,0,2,1.32,28.1
7,2,1.87,0.26,1,3,1,2.9,2.42,17.74,5.68,2,1,0.29,11.43,1,1,0.63,23.6
1,4,0.7,0.82,0,2,4,5.83,2.39,9.43,2.64,0,0,0.76,21.95,2,0,2.27,12.8
0,4,2.43,1.77,3,0,4,9.19,4.66,18.95,5.54,1,2,1.56,2.7,0,2,0.55,31.43
6,2,1.15,1.59,3,1,0,10.47,0.36,17.09,11.72,2,2,0.32,2.43,2,2,1.65,34.16
6,4,0.39,0.6,1,3,4,10.31,0.55,18.95,6.35,3,0,1.33,1.11,0,2,1.02,26.08
3,0,1.84,1.74,1,0,1,9.83,4.53,2.4,7.98,2,0,0.14,16.05,2,2,0.49,23.99
7,3,2.56,1.83,1,2,1,4.74,1.27,19.64,14.75,0,0,2.36,7.82,0,1,1.23,19.32
5,4,0.57,0.77,1,1,4,1.51,0.62,2.95,0.45,1,1,1.98,10.36,0,0,2.98,12.76
0,0,0.16,0.28,0,4,0,6.05,2.72,5.67,14.23,0,0,2.89,13.14,0,0,1.93,10.63
1,1,2.69,1.31,2,4,1,7.67,0.65,8.61,4.12,0,0,0.12,21.93,2,2,0.89,18.51
3,0,0.09,1.93,2,0,2,4.35,0.33,19.79,0.59,1,1,1.33,22.77,1,0,1.82,18.43
3,4,0.62,1.63,1,1,4,8.86,0.95,11.47,3.23,0,2,2.83,12.44,1,0,0.7,20.21
6,3,0.81,1.31,2,2,3,4.76,3.47,9.79,7.69,1,2,1.36,11.3,2,2,1.67,28.31
5,0,0.04,0.32,0,1,0,9.13,4.92,18.92,2.96,1,2,2.11,10.89,2,0,0.58,24.44
7,4,1.48,1.16,0,2,1,6.23,1.49,8.45,4.48,0,2,0.49,8.71,0,2,2.05,22.97
2,4,1.51,1.56,0,1,1,7.43,1.41,17.9,0.36,1,2,1.95,0.59,1,1,1.61,25.67
3,4,0.18,0.32,2,1,5,8.28,1.51,12.52,2.26,1,1,1.51,14.04,2,2,2.91,24.53
6,0,1.79,0.85,2,4,3,6.19,1.52,13.76,12.96,2,0,0.58,2.79,2,0,0.56,20.12
3,4,0.45,1.11,2,0,3,3.72,3.32,13.32,4.29,2,0,1.29,19.62,0,2,1.56,21.39
2,4,0.02,0.07,0,1,1,0.9,0.67,12.9,5.09,2,2,1.67,6.14,0,0,0.35,18.79
4,1,1.31,0.54,3,2,0,1.13,1.45,19.67,14.41,1,2,2.99,20.29,0,0,0.12,22.72
3,0,1.15,1.67,2,2,5,8.38,1.46,6.72,4.63,2,0,1.75,16.77,1,1,1.63,20.15
4,2,0.29,0.11,0,3,2,5.96,2.02,13.57,6.31,0,2,2.65,22.4,2,1,2.08,23.01
6,3,2.58,0.16,2,0,4,10.4,4.76,8.1,7.6,0,0,0.83,19.02,1,1,2.04,19.16
6,1,1.68,0.37,3,4,4,0.27,0.56,12.19,12.31,3,1,0.72,18.89,2,2,2.16,28.84
1,2,2.88,1.86,0,2,1,7.02,2.74,12.81,3.89,2,0,0.36,5.39,2,0,2.52,21.02
7,4,2.37,0.7,1,4,0,3.51,4.37,15.44,6.27,0,1,2.88,11.02,0,1,2.83,20.96
3,2,0.32,1.15,3,3,0,7.57,2.25,3.77,7.62,1,1,2.46,0.69,0,2,2.16,21.07
6,4,2.68,1.84,3,0,5,8.8,0.47,19.03,9.33,0,1,0.89,9.89,2,0,1.46,23.05
2,3,2.2,0.74,1,0,0,1.44,2.67,13.5,6.26,1,0,1.57,1.78,1,0,2.52,14.82
2,1,2.99,1.77,1,4,2,2.78,3.67,6.09,2.64,1,0,0.94,21.95,0,0,2.54,14.52
6,0,0.63,0.63,2,0,5,5.67,0.2,12.77,0.76,0,2,1.31,20.66,0,0,2.19,17.35
0,0,2.04,0.75,0,0,1,10.81,3.75,9.77,9.05,1,1,2.95,16.02,2,2,0.98,27.02
4,4,0.17,0.05,0,4,0,5.26,1.31,3.29,10.34,2,1,0.6,7.67,1,1,0.44,19.4
5,2,2.44,1.5,0,3,3,1.32,3.61,3.13,12.75,2,2,2.33,12.01,0,1,0.83,25.6
7,4,2.08,1.74,2,4,4,2.1,1.61,19.49,14.79,3,1,2.8,12.55,0,0,0.8,27.27
7,2,0.52,1.16,2,2,4,5.99,1.36,3.39,9.31,3,0,1.71,17.72,2,2,2.65,25.12
2,0,2.03,0.83,1,3,0,3.33,4.98,15.02,9.67,1,2,0.09,13.3,1,2,0.05,27.76
0,4,0.98,0.87,1,1,4,1.73,3.48,2.84,9.6,2,1,1.22,4.26,1,0,2.79,18.79
5,2,2.12,0.93,3,3,2,0.01,4.05,1.75,9.51,0,1,0.63,15.97,1,0,0.4,13.6
6,2,1.39,1.2,0,3,3,0.16,4.61,2.57,6.69,3,0,2.67,12.47,1,0,2.01,17.84
0,4,1.81,1.12,3,4,2,8.56,3.3,12.49,4.24,2,2,0.31,17.26,1,1,2.13,29.94
0,4,0.97,0.67,2,1,2,7.57,3.75,8.75,13.99,1,0,1.92,6.88,2,1,1.2,20.2
5,4,0.07,1.16,2,4,3,11.46,3.02,18.68,3.05,3,1,2.57,16.34,2,1,0.81,30.81
6,4,2.96,0.63,3,4,4,11.89,1.24,10.13,12.67,1,0,1.25,14.76,1,0,1.38,20.82
6,4,1.76,1.25,2,4,2,6.8,1.77,7.62,6.18,1,1,1.35,20.56,2,2,1.01,25.14
0,3,0.29,0.4,1,3,5,10.52,0.79,9.11,9.09,1,0,1.41,9.87,2,1,2.19,19.0
2,1,2.04,1.68,3,2,5,5.93,0.59,0.27,4.55,0,2,2.37,7.1,2,0,1.26,18.28
7,4,1.98,1.76,2,1,1,0.11,3.14,6.33,14.6,1,1,1.04,8.59,2,1,2.52,22.67
2,0,0.99,1.22,2,4,1,5.23,1.12,7.77,6.24,1,2,0.28,12.3,2,2,1.48,25.64
2,2,2.83,0.96,1,0,0,3.3,0.38,14.16,7.25,2,0,2.95,9.58,0,2,1.73,22.02
2,2,0.81,1.61,3,0,2,3.71,1.46,16.22,1.31,3,2,2.01,17.58,2,0,2.04,28.09
0,0,2.04,0.24,2,4,3,1.3,2.18,19.44,0.56,2,2,0.94,15.2,1,2,1.89,28.54
7,0,0.28,1.46,2,4,3,4.05,1.31,2.44,7.65,0,0,1.08,11.41,2,1,1.94,12.83
0,0,0.44,1.81,0,3,5,9.48,3.32,6.91,2.57,1,2,2.08,18.83,1,2,2.74,27.47
6,3,3.0,0.49,1,3,4,3.13,4.91,17.96,1.93,2,0,2.06,14.5,2,1,0.7,23.45
5,2,0.78,0.04,1,2,4,4.22,2.05,0.37,4.06,1,2,1.85,18.09,2,1,0.97,20.81
4,2,0.89,1.32,2,0,5,2.74,1.37,6.3,1.75,1,2,0.63,10.93,0,1,0.31,19.39
5,1,2.06,0.19,1,0,3,9.08,1.29,13.87,0.6,0,1,1.34,15.28,2,1,1.2,20.05
7,1,2.41,0.54,3,4,1,5.97,4.21,16.03,6.16,3,2,1.22,19.83,0,0,1.57,29.97
5,2,1.06,1.28,1,0,4,10.49,4.26,15.54,4.04,1,1,1.6,1.27,0,1,0.12,22.73
6,2,1.35,0.2,2,2,0,10.44,0.69,2.55,2.64,3,2,2.08,19.23,0,2,1.01,29.22
3,4,1.44,1.1,2,3,3,5.2,1.98,18.76,2.3,1,2,0.71,19.69,1,2,1.31,28.59
1,0,2.2,1.37,2,0,5,6.66,3.65,10.66,13.97,0,2,1.08,18.66,1,0,2.05,23.61
7,2,2.85,1.46,1,3,5,10.35,2.22,11.72,14.64,2,0,2.74,9.82,1,2,1.75,28.78
2,1,2.96,0.78,3,2,3,10.93,4.81,8.56,2.96,1,0,2.05,3.01,1,2,0.05,22.19
5,3,0.84,1.46,3,2,5,6.36,1.45,12.58,1.77,0,0,1.01,2.59,2,1,2.52,16.16
3,2,1.56,1.13,1,4,5,4.48,3.41,1.27,5.94,0,0,1.62,6.91,1,0,2.11,10.93
2,1,1.12,1.9,1,2,2,3.85,1.26,10.68,12.36,3,2,2.83,19.08,2,1,2.61,31.86
5,2,2.03,1.14,2,1,0,5.05,2.4,7.53,5.45,2,2,2.06,10.47,2,0,2.45,25.78
1,1,1.46,0.6,3,0,5,11.79,0.99,2.68,0.85,2,2,0.88,0.04,0,0,1.02,21.67
3,0,1.57,0.41,0,1,3,4.38,4.37,7.9,5.03,1,1,1.13,7.6,0,0,2.07,16.5
7,2,2.05,0.01,0,1,4,4.53,3.32,5.1,1.91,2,0,0.92,3.78,2,0,2.69,16.55
3,0,1.1,0.21,2,1,3,8.72,4.64,16.09,2.45,0,2,1.03,4.04,0,1,2.93,23.23
6,2,1.58,0.41,0,0,4,7.09,0.48,10.96,10.54,0,1,1.89,3.66,0,1,2.03,18.32
7,1,1.24,0.67,0,2,4,8.01,0.2,7.82,11.86,3,1,0.03,14.95,0,1,0.31,24.71
0,0,0.98,0.42,1,2,1,10.82,0.17,6.4,8.95,3,0,1.83,16.7,1,1,0.32,21.48
6,4,1.77,1.04,3,1,2,0.4,0.71,12.18,2.69,3,0,0.08,17.35,1,1,2.39,20.99
4,3,2.71,1.34,3,4,1,5.24,3.92,1.87,7.81,3,1,1.85,15.47,1,1,2.49,27.32
6,1,0.78,1.42,2,4,3,7.03,3.82,19.86,11.37,2,2,1.85,23.66,1,0,2.58,30.62
2,1,2.79,0.76,0,2,1,10.29,2.47,2.62,10.44,3,0,1.32,1.56,2,0,0.38,21.46
3,4,2.59,0.93,1,4,5,1.52,2.83,7.97,4.27,3,2,1.01,14.59,1,2,0.49,30.46
4,2,0.08,0.02,0,3,1,7.76,4.15,0.99,12.79,3,0,0.59,7.61,2,0,1.59,19.29
5,2,0.48,1.63,0,3,5,7.51,3.52,13.02,14.52,0,1,1.35,1.51,0,2,1.19,22.8
6,1,1.74,0.78,1,2,2,6.0,0.8,6.81,4.86,3,2,0.2,19.91,2,1,2.93,29.74
7,4,1.79,0.18,2,4,5,11.63,3.73,3.51,0.97,3,1,1.07,6.61,2,0,1.5,25.32
1,4,2.54,0.71,0,3,5,0.04,1.21,10.19,5.7,0,2,2.99,18.54,2,1,0.14,20.98
3,2,2.28,0.3,0,3,5,7.56,4.54,8.38,11.75,3,2,2.09,0.04,0,0,0.6,28.14
2,4,0.19,1.72,3,3,5,2.3,1.67,14.55,10.04,2,1,2.24,1.27,0,1,0.54,22.25
5,0,1.7,1.72,1,0,1,8.08,0.58,13.9,6.62,0,2,1.93,9.17,0,0,2.89,21.17
6,0,1.6,1.28,0,4,2,7.34,4.82,1.91,0.34,3,0,2.72,17.31,1,1,1.57,21.58
1,4,0.47,0.78,0,4,3,11.13,4.66,14.41,11.49,2,0,0.05,22.42,0,0,1.41,21.42
4,2,0.86,0.67,3,4,0,2.04,1.58,8.49,4.64,1,1,2.0,16.58,1,0,0.35,15.38
3,4,2.77,1.77,2,1,4,1.78,2.07,9.67,3.95,2,0,0.49,11.74,2,0,1.98,18.68
6,1,1.46,1.4,2,3,4,8.16,3.18,18.19,0.27,0,2,2.36,12.99,2,0,0.86,23.41
4,3,2.2,1.32,3,4,5,9.65,3.3,7.96,7.7,3,2,1.12,9.31,2,0,0.27,30.83
5,0,1.24,0.81,3,1,3,9.26,4.14,3.41,13.46,0,0,2.65,11.65,2,0,2.76,16.25
4,4,1.34,0.55,3,0,5,2.1,0.99,5.61,14.99,1,2,0.99,15.82,0,1,0.48,22.21
2,0,0.32,0.04,0,1,0,9.57,2.69,6.19,2.18,1,2,1.97,0.21,2,0,0.2,19.39
0,0,1.97,0.84,2,1,5,1.86,2.26,8.16,10.31,0,0,0.46,8.87,2,0,1.27,11.98
1,1,2.71,0.79,1,3,1,1.17,0.07,3.22,14.94,2,0,2.96,15.27,1,0,1.04,15.74
1,2,1.4,0.48,0,0,5,4.91,1.45,16.18,12.01,1,2,1.82,14.5,2,0,1.25,24.6
3,4,1.66,0.99,3,4,0,8.62,1.07,3.94,6.19,3,1,0.34,10.58,2,1,0.47,25.9
4,1,1.3,0.82,2,4,3,11.17,4.81,0.26,2.58,2,2,0.08,1.53,1,1,1.54,26.21
6,1,0.1,0.34,2,1,2,8.52,2.67,2.88,0.14,0,2,0.53,14.55,1,1,1.76,18.71
3,4,1.82,1.05,1,0,3,0.14,1.47,0.12,5.64,2,2,1.38,8.4,1,1,0.71,21.79
5,3,1.51,1.49,2,2,4,9.67,1.45,13.28,6.4,1,2,2.54,12.61,0,0,2.7,25.29
3,0,2.05,1.4,3,0,5,10.39,3.62,8.08,3.22,3,1,0.85,4.23,1,0,2.95,26.22
3,1,0.24,0.18,0,3,2,5.03,2.16,1.08,7.75,3,0,0.45,2.49,2,0,0.3,15.53
1,3,0.59,0.5,1,3,2,4.34,1.07,7.7,11.09,1,2,0.06,16.11,2,0,0.75,20.8
2,4,2.38,0.25,1,0,0,10.89,4.23,9.81,0.56,3,2,2.11,8.14,0,0,0.84,27.85
5,3,1.05,1.62,3,1,4,7.91,2.83,9.44,7.44,2,2,0.26,16.04,0,0,1.53,25.78
1,3,0.97,0.05,3,1,0,1.89,3.82,9.85,5.08,2,1,1.66,18.07,1,1,2.3,21.88
7,1,0.37,0.41,3,2,5,4.16,3.27,14.19,8.79,3,2,1.73,8.21,0,1,0.9,28.77
7,1,1.25,0.77,0,0,4,4.12,2.05,14.41,7.67,2,0,0.13,12.07,0,1,2.35,19.61
0,3,0.9,1.12,0,0,1,0.23,3.66,18.66,9.86,0,0,0.18,12.61,0,2,0.43,16.04
7,3,1.32,1.99,0,2,3,1.26,2.27,4.78,12.53,1,1,2.47,17.37,0,2,0.6,21.51
3,4,2.08,1.27,2,4,3,8.06,0.02,18.49,1.69,2,2,1.0,8.97,0,1,1.76,28.61
1,0,0.1,0.64,3,3,1,0.09,0.3,8.58,5.99,3,1,2.5,23.53,2,0,1.51,20.0
7,0,0.23,1.89,0,1,4,4.06,0.1,7.27,7.97,1,1,2.06,2.68,1,1,1.28,18.14
6,1,0.06,1.66,0,0,4,9.95,2.22,11.42,7.91,2,2,1.85,19.87,1,2,1.78,31.48
6,0,0.37,1.96,3,4,3,8.73,0.54,4.12,2.21,3,0,2.06,8.79,2,0,2.59,19.87
5,4,2.59,1.56,2,4,3,6.68,1.39,7.97,2.55,1,2,2.32,21.0,1,1,1.69,26.11
7,1,1.02,1.57,2,2,0,7.85,4.77,15.5,12.05,0,2,0.56,10.21,2,0,2.04,25.23
6,0,1.18,0.53,0,0,3,3.94,3.6,12.88,4.99,2,0,1.95,15.3,2,2,0.03,22.1
3,2,2.83,1.64,0,2,0,7.71,3.4,11.17,9.37,2,0,0.5,23.47,0,1,0.14,22.31
1,3,2.17,0.87,1,0,0,4.83,0.81,2.37,11.41,3,1,1.37,15.83,0,0,0.27,20.73
5,2,1.85,1.2,2,1,2,9.54,0.56,10.67,1.52,2,0,1.52,19.39,1,2,0.38,22.86
6,1,0.84,0.49,2,0,4,5.45,3.6,2.15,12.69,0,1,2.95,3.32,0,1,1.27,16.47
7,3,1.99,0.98,0,3,3,11.9,4.64,6.15,1.67,1,1,2.99,7.02,0,1,2.82,23.3
6,2,2.77,1.71,3,3,5,3.04,2.53,0.61,1.98,1,0,2.26,10.15,1,2,1.11,17.9
6,1,2.35,1.53,2,0,0,8.47,3.73,15.89,11.22,2,1,2.2,15.0,1,0,2.41,27.32
2,4,1.14,0.07,0,1,4,10.47,1.44,1.72,14.05,3,1,1.73,19.01,2,2,2.15,30.18
5,1,2.79,1.6,1,4,0,8.61,4.72,10.56,8.1,2,0,1.87,13.5,2,2,2.81,28.22
3,1,1.19,0.86,2,4,0,10.72,3.6,11.7,10.34,2,0,0.73,17.91,2,1,0.81,24.04
5,3,1.66,1.32,1,4,2,7.41,2.02,3.97,14.42,1,0,2.2,9.87,2,1,1.22,19.82
4,1,1.63,1.09,3,1,1,9.82,3.2,6.21,9.84,2,0,0.95,5.76,1,0,0.32,18.82
5,2,1.0,0.44,2,4,1,10.25,0.86,5.42,4.28,2,1,2.57,0.77,2,0,0.82,20.6
2,4,0.7,1.6,3,4,2,5.15,2.04,2.28,10.14,1,0,2.16,17.48,0,0,2.86,14.21
0,3,0.05,1.87,3,0,5,2.47,4.14,10.76,2.3,1,0,1.24,21.04,1,1,2.8,17.03
4,1,2.1,1.85,2,3,5,10.91,4.71,1.29,6.04,3,2,0.99,12.88,2,1,2.54,33.24
4,3,0.28,1.18,0,4,3,10.79,4.64,8.05,13.35,3,2,2.21,11.42,2,2,1.36,36.05
1,2,0.46,1.25,3,3,2,8.28,1.67,13.91,10.48,1,0,0.71,10.75,0,1,0.81,18.13
5,0,2.5,0.8,2,3,4,9.25,1.64,4.84,2.54,0,1,0.76,18.53,2,2,0.99,21.62
7,0,0.13,0.59,0,4,1,3.47,1.55,10.44,9.96,2,1,2.16,8.07,0,2,2.99,23.54
7,4,1.54,1.65,1,0,1,10.09,3.22,12.19,7.01,2,1,1.54,13.17,1,0,1.7,25.27
6,0,1.89,0.04,2,3,3,0.32,3.96,5.17,5.11,3,0,0.54,18.37,1,1,0.49,18.9
2,3,0.79,0.7,2,0,0,10.85,3.01,9.86,11.79,3,2,1.07,6.0,2,1,1.5,32.67
4,1,1.39,0.15,3,2,1,4.05,4.05,13.91,11.49,2,2,2.15,9.28,0,0,1.9,25.51
4,1,2.09,0.69,3,4,2,10.12,3.81,1.17,14.98,3,0,0.97,9.51,2,2,1.04,27.82
6,0,0.89,1.41,0,3,2,1.95,4.27,13.74,7.8,2,0,1.26,4.66,2,1,1.59,20.66
5,4,2.37,1.16,3,1,4,9.34,2.47,11.28,9.81,2,1,0.17,0.71,2,2,2.96,31.09
6,0,1.84,0.09,2,2,4,5.55,2.75,18.98,14.98,2,0,2.18,9.07,0,1,0.03,22.42
0,3,1.47,0.05,1,2,2,10.1,0.06,6.24,0.19,1,1,0.89,1.3,2,1,0.26,18.53
5,0,0.16,0.12,2,4,4,7.7,3.85,2.83,12.51,2,0,0.64,14.79,0,0,2.85,16.7
4,3,0.86,1.69,1,3,1,3.28,4.62,7.08,9.92,1,0,0.79,13.83,1,1,2.15,17.87
5,1,2.14,0.14,1,3,4,0.53,4.85,14.32,4.85,3,0,1.35,15.03,1,2,1.06,24.54
4,3,2.02,1.65,2,0,0,4.1,3.42,0.39,11.03,3,1,2.44,22.91,2,0,2.73,25.33
4,4,1.08,0.93,3,0,3,11.02,4.08,19.58,13.2,0,1,0.32,2.69,1,0,2.41,23.07
2,0,0.01,0.87,0,3,3,0.52,1.74,3.58,9.71,0,0,1.49,10.26,2,1,0.64,10.21
4,2,2.21,1.11,3,0,4,11.4,0.9,0.51,0.59,2,0,0.18,23.01,2,1,2.09,20.78
0,4,0.57,0.94,3,1,0,2.61,1.27,9.81,14.49,3,2,0.85,8.72,0,1,2.97,28.3
0,1,0.23,1.87,0,4,2,2.71,0.1,12.08,10.06,0,2,0.21,1.66,2,2,2.36,23.1
5,1,0.13,0.79,2,1,1,9.92,0.49,14.08,5.07,1,1,2.8,5.96,0,1,0.83,20.16
1,4,2.36,1.76,3,0,3,6.41,1.9,6.81,9.31,1,0,2.47,9.65,2,2,0.18,21.87
6,3,1.14,0.67,1,0,5,0.61,1.11,5.49,8.21,0,2,0.4,22.65,1,2,1.22,21.09
5,4,1.53,0.26,3,1,0,8.49,0.77,18.3,0.97,1,2,1.2,0.46,2,0,0.68,23.71
6,4,1.07,1.66,3,2,3,2.46,3.69,13.99,3.69,3,2,0.31,23.58,0,0,2.06,27.65
5,1,2.17,0.38,0,2,0,8.9,1.93,6.61,8.93,1,0,0.14,9.25,2,0,2.07,16.65
1,2,2.74,0.55,0,2,5,0.22,2.19,0.43,7.25,0,1,0.28,12.19,1,0,1.25,12.01
2,0,2.96,0.64,0,0,3,2.99,1.12,10.39,8.44,1,0,0.59,15.4,1,1,1.68,16.98
1,3,0.79,0.08,1,0,5,0.68,2.06,11.58,5.89,2,2,1.55,16.46,2,1,1.27,24.99
3,1,2.84,0.14,2,3,1,3.91,3.61,1.49,13.72,3,0,2.89,11.1,1,2,1.15,24.52
1,0,0.33,1.32,2,1,5,5.12,2.76,4.62,11.15,2,0,2.43,18.74,0,2,2.73,21.13
5,3,1.35,0.7,0,1,5,10.32,1.29,4.53,7.21,0,1,0.65,6.52,0,2,2.38,20.22
4,4,1.56,1.56,3,4,1,4.04,2.77,11.51,1.96,3,2,2.24,11.27,1,0,2.24,27.87
1,2,0.06,0.62,1,3,3,10.22,3.42,5.31,10.32,1,1,0.92,0.86,2,0,1.94,19.53
1,2,2.34,1.15,1,3,2,2.91,4.96,3.95,8.63,0,2,0.44,23.3,0,2,2.65,23.9
2,4,2.96,0.36,1,0,2,3.26,0.93,13.63,8.0,1,1,2.99,9.58,2,0,2.72,21.11
0,1,1.29,0.1,1,3,0,1.07,1.06,10.04,0.3,0,0,1.75,0.91,0,1,2.14,8.93
3,0,2.8,0.65,2,3,0,9.42,1.0,2.62,10.14,3,0,2.37,17.73,1,0,2.96,21.86
2,0,0.34,1.66,3,2,1,10.53,3.82,0.44,7.53,1,2,1.91,18.03,1,1,0.6,24.08
2,4,2.37,0.95,3,0,0,7.94,2.05,17.91,2.44,1,1,0.36,0.36,0,2,1.08,24.53
7,2,2.36,0.82,1,4,3,9.48,4.08,1.69,9.34,0,1,0.13,21.7,1,0,2.21,18.64
5,4,0.24,1.12,0,4,4,4.4,2.8,13.31,14.67,2,0,1.93,8.04,2,0,0.86,19.97
2,3,0.62,1.42,1,1,3,1.07,0.29,7.44,10.81,1,1,1.27,13.58,2,1,2.81,19.77
7,2,2.02,1.78,3,4,3,1.01,4.06,14.38,10.94,3,0,2.15,16.32,0,0,2.23,22.7
0,2,1.23,1.86,3,2,1,10.92,3.15,11.6,5.55,2,0,0.38,18.1,1,0,0.45,20.35
5,3,0.64,0.06,1,4,4,0.25,2.61,12.74,3.51,3,1,3.0,20.05,2,0,0.31,21.77
7,1,0.01,0.61,2,1,5,7.44,0.41,16.48,10.16,3,0,0.24,20.09,0,2,1.28,25.17
3,1,1.53,0.88,2,1,2,4.65,1.26,3.32,5.24,1,1,2.27,16.01,2,0,2.36,17.46
2,1,1.65,0.98,3,4,4,7.2,0.89,6.07,5.05,1,2,2.49,22.38,0,0,2.53,21.67
1,2,1.17,0.79,2,2,3,6.95,3.33,8.78,14.3,1,2,0.97,7.04,1,2,1.35,28.28
5,0,1.41,1.64,3,0,0,1.77,3.54,8.71,3.75,2,2,2.23,4.32,1,2,1.43,27.39
6,0,2.82,0.74,3,0,2,8.44,2.99,9.8,0.48,2,2,1.25,13.45,0,0,2.9,25.8
1,1,2.25,1.87,3,1,2,1.83,4.56,17.86,9.81,1,0,1.51,23.41,1,0,2.81,19.69
1,3,0.62,0.62,3,4,5,11.06,0.7,4.5,8.37,3,2,1.86,5.57,2,2,2.27,32.99
3,0,2.43,0.92,0,4,3,6.3,2.39,8.95,11.63,1,2,0.95,6.2,2,0,1.83,24.46
2,4,1.96,1.36,0,3,1,10.8,4.09,19.81,2.88,1,1,1.01,3.1,2,1,1.33,26.69
2,0,2.73,0.04,3,0,1,0.76,0.54,13.01,4.69,3,0,2.94,23.17,2,1,0.8,21.63
0,0,0.81,1.06,2,1,4,4.9,1.06,9.65,5.12,2,0,2.03,15.2,1,0,1.67,15.98
5,2,1.88,0.51,0,1,5,10.99,4.79,0.21,14.86,3,2,1.93,0.37,2,0,0.44,29.79
1,0,2.05,1.99,3,0,3,1.48,2.43,12.5,12.41,1,2,1.66,0.76,1,2,2.6,28.13
4,4,0.21,1.79,1,2,0,10.14,2.4,3.55,7.16,3,0,0.77,8.79,2,0,0.39,20.33
2,3,2.43,1.66,2,2,0,5.02,1.72,9.96,6.86,1,2,0.68,11.41,1,2,2.58,28.14
6,1,2.07,0.94,1,1,2,4.93,2.69,5.01,13.37,2,2,2.55,20.99,2,0,0.41,26.2
1,4,0.9,0.04,3,3,4,11.15,3.59,15.25,3.02,2,1,1.56,4.13,2,1,1.28,26.79
3,0,2.17,1.29,2,4,4,6.06,4.26,13.62,13.46,1,0,2.93,16.81,0,0,0.5,18.53
4,1,0.87,0.57,0,4,4,10.42,3.15,9.46,10.08,1,0,1.25,9.11,0,0,1.77,16.3
6,2,1.36,1.94,3,2,4,3.99,4.16,5.49,8.19,0,2,1.43,7.64,1,0,2.9,20.78
3,1,2.36,1.97,3,1,1,3.87,4.63,15.86,13.84,0,1,0.71,21.47,1,2,0.64,25.4
0,3,0.91,1.03,0,0,2,9.88,0.21,9.42,5.97,1,1,2.44,14.68,2,0,2.16,20.06
0,2,0.12,1.17,0,1,4,4.33,2.15,8.19,5.62,0,1,2.49,2.62,0,0,0.49,11.96
3,2,1.97,1.77,2,3,5,5.81,4.89,17.48,5.39,1,1,2.54,21.87,2,2,1.1,28.92
1,1,2.14,0.01,2,3,4,3.71,4.88,5.63,14.3,0,0,2.13,12.77,1,0,2.12,13.8
6,4,1.66,0.51,1,0,5,2.4,1.21,8.28,3.49,2,0,0.87,14.72,0,1,2.08,17.08
6,3,2.36,0.5,1,3,3,3.44,2.01,14.79,14.53,0,1,2.49,23.4,1,1,0.02,21.27
6,1,1.59,0.4,3,2,5,9.85,2.18,1.45,11.79,1,1,0.47,17.8,1,2,2.87,24.9
7,0,0.01,0.76,0,3,5,4.06,4.04,2.49,14.56,1,0,0.55,3.15,2,2,1.9,18.75
1,4,0.73,1.59,1,0,2,8.5,1.27,17.24,13.4,2,1,0.43,7.43,2,0,1.49,25.55
4,1,1.41,1.9,1,1,2,6.06,3.24,10.05,7.38,0,1,0.84,3.81,2,0,2.92,18.55
6,1,0.81,1.18,1,0,3,11.4,0.36,5.91,2.9,0,1,1.15,3.77,2,1,0.56,17.89
5,2,1.8,0.65,0,4,3,8.96,4.23,7.53,4.45,2,0,3.0,16.09,0,1,1.98,21.13
7,2,1.5,0.91,2,4,1,9.11,4.26,19.46,4.0,2,2,1.18,16.25,0,2,2.98,33.82
1,3,2.86,1.67,0,1,5,3.48,1.35,2.9,8.72,0,0,1.27,11.06,0,0,0.05,10.15
7,2,1.11,0.85,0,2,1,5.23,3.12,16.81,10.24,1,2,1.39,21.85,1,2,1.46,29.52
3,0,0.75,1.39,0,2,4,0.59,4.24,0.2,14.06,1,0,0.97,5.92,0,0,2.13,11.33
2,1,1.59,1.18,3,2,5,0.45,0.13,14.78,4.77,3,0,1.3,10.87,2,0,2.14,19.7
7,0,1.67,0.65,0,0,0,3.87,2.79,17.23,3.36,3,2,2.04,20.97,2,0,1.24,28.66
1,2,1.75,0.14,0,4,5,8.98,3.79,19.06,0.81,3,1,1.28,7.94,2,1,1.69,29.5
4,3,0.31,1.22,3,0,3,3.73,1.6,13.18,9.35,0,1,0.63,9.17,1,2,1.73,20.6
2,2,2.25,1.02,2,1,0,3.72,4.86,2.36,14.37,1,2,0.69,1.12,0,0,1.63,21.22
4,1,1.03,0.92,1,3,4,3.26,2.25,13.06,12.84,1,2,1.23,23.78,0,1,1.66,24.9
4,4,0.97,0.15,1,2,3,10.53,2.41,11.26,8.91,1,0,1.49,0.43,1,1,1.83,19.41
1,1,1.42,0.39,1,0,5,4.03,1.63,18.47,6.26,2,1,0.07,7.35,2,0,2.67,22.68
2,2,2.79,1.19,3,3,0,11.15,4.37,2.69,2.59,3,1,0.87,14.75,2,2,1.96,31.29
7,3,1.57,1.11,3,4,4,8.19,4.24,13.87,13.98,2,0,2.29,4.03,1,0,1.46,23.05
0,1,0.64,0.15,0,3,2,5.51,4.92,7.85,5.43,1,2,2.68,11.92,2,2,1.62,26.33
1,4,1.69,0.94,1,0,4,6.15,3.56,8.45,9.77,1,1,2.11,2.38,0,2,2.18,23.83
0,3,0.67,1.5,3,2,3,6.81,4.75,11.96,0.22,0,2,0.43,22.19,1,1,1.37,22.82
0,4,2.4,0.49,1,3,1,1.54,1.12,16.22,13.18,3,2,2.18,8.9,1,1,0.15,30.1
0,4,2.5,0.65,2,0,1,6.66,1.44,18.8,11.43,1,1,1.06,22.8,2,2,0.73,28.26
5,1,0.69,1.02,1,1,2,10.22,0.83,14.63,7.87,0,2,1.09,20.46,2,2,2.4,27.95
0,2,1.45,1.57,3,2,0,2.34,0.83,15.54,3.43,3,0,1.97,0.44,2,0,1.55,19.81
7,1,1.82,1.12,0,0,0,7.76,0.91,15.01,5.09,0,1,0.14,9.79,0,0,2.39,16.82
6,0,1.76,0.71,1,1,2,12.0,2.48,15.43,0.03,2,1,0.81,16.03,0,0,1.33,22.9
5,1,1.51,1.83,2,2,0,8.03,3.16,4.65,13.46,1,1,1.53,10.4,0,2,2.01,24.62
1,0,2.01,0.5,3,4,0,7.74,2.05,10.51,14.21,2,2,1.97,1.53,2,1,1.62,29.88
3,4,0.96,0.71,2,4,5,11.39,3.18,3.12,10.83,3,1,1.48,1.33,1,0,2.09,25.49
5,0,0.08,1.85,0,4,2,2.75,0.61,7.27,3.83,1,1,0.13,13.61,1,0,2.32,14.92
7,1,1.21,1.6,0,2,4,1.55,4.28,11.75,13.34,1,2,0.16,12.02,0,1,1.88,24.89
7,4,0.84,1.11,0,3,2,7.27,4.75,6.79,1.62,0,1,0.26,23.27,2,1,2.26,19.95
5,1,0.2,1.24,0,3,1,10.92,1.52,8.99,8.16,1,1,2.8,8.99,0,2,1.16,23.12
7,3,1.54,1.39,2,3,0,9.83,0.4,17.11,1.38,1,2,1.08,14.69,0,0,0.2,23.25
7,1,0.38,0.62,3,0,1,9.48,3.28,12.18,6.18,3,2,1.24,20.21,2,2,0.02,33.77
5,3,0.61,1.78,1,2,3,6.43,0.3,1.63,9.65,2,1,1.78,7.8,0,0,0.32,17.8
6,1,2.42,0.46,3,4,3,4.46,1.04,15.5,6.5,2,1,2.71,4.75,1,0,1.87,22.68
5,0,0.93,0.64,0,1,2,9.91,1.76,18.12,14.73,2,1,2.31,5.36,0,2,2.84,29.61
0,2,0.49,0.82,1,3,1,3.78,2.62,9.71,5.31,1,1,0.5,3.59,1,1,1.97,18.39
1,0,2.84,0.49,3,3,1,5.38,4.69,14.73,6.87,1,1,2.28,13.47,0,1,0.9,22.78
7,3,0.39,1.14,0,4,5,7.93,3.07,16.98,7.2,0,2,1.08,22.24,2,0,0.77,23.58
5,2,1.6,0.28,1,2,2,11.38,3.21,17.54,10.14,0,2,1.54,16.22,1,0,0.76,24.66
1,4,2.77,1.34,3,1,4,11.44,3.51,0.84,13.6,3,2,1.38,13.6,0,2,1.41,34.92
5,2,1.47,0.38,2,4,1,8.74,3.99,18.9,9.13,3,2,2.91,21.29,2,0,2.14,33.73
1,0,0.93,0.98,1,0,1,8.99,2.7,17.32,1.98,1,1,1.35,10.14,0,1,2.15,21.62
6,0,0.82,1.44,2,4,1,2.66,0.41,6.02,3.37,0,0,2.73,8.84,1,1,0.9,10.94
3,1,1.22,0.55,1,4,2,0.73,0.78,8.84,7.6,0,2,1.32,11.29,2,1,0.32,18.87
6,0,2.86,1.59,0,2,2,11.5,2.94,0.22,0.9,3,1,0.22,1.11,2,0,2.91,25.03
2,4,2.37,1.06,1,1,0,6.23,2.33,17.21,14.3,3,0,0.52,19.58,0,0,1.32,23.94
3,4,0.61,0.74,3,2,4,10.67,3.21,12.87,13.53,1,1,1.23,20.79,2,2,2.85,29.65
5,3,1.34,0.51,1,1,1,1.46,0.58,4.09,1.26,2,0,1.41,8.32,1,2,2.56,17.35
4,3,2.22,0.87,2,4,2,9.08,0.24,19.18,1.08,2,2,2.71,0.29,1,1,1.6,29.6
6,0,0.63,0.97,3,1,0,8.62,4.72,13.87,14.11,3,0,1.8,23.45,0,0,0.09,23.16
2,0,1.9,1.14,1,2,5,11.03,3.43,14.89,12.52,2,0,1.87,4.53,2,0,0.98,23.56
1,1,0.68,0.78,1,0,5,11.86,0.04,8.75,3.84,0,2,2.73,23.95,1,1,0.83,22.16
7,4,0.75,0.86,0,1,5,5.3,0.33,8.03,11.47,1,2,1.27,16.86,2,1,0.8,24.75
6,1,0.9,1.32,0,2,4,2.24,2.55,10.58,13.14,1,2,0.06,12.05,0,2,2.01,25.9
4,4,0.95,1.93,2,0,2,8.61,4.49,18.03,4.93,1,0,0.07,9.04,0,0,0.1,17.73
7,0,1.64,0.68,1,3,3,8.09,1.02,18.65,3.97,2,0,0.27,13.52,2,2,2.6,25.76
4,2,1.81,1.63,1,1,5,1.77,3.47,17.85,9.51,3,1,0.16,14.76,1,2,1.84,30.89
2,4,0.95,1.11,2,1,4,0.13,2.29,2.64,9.97,0,1,1.3,4.74,1,1,1.94,15.05
5,3,0.89,1.89,3,4,4,5.58,4.76,18.9,11.69,0,2,0.39,15.36,1,0,1.74,25.08
4,4,0.06,1.41,2,2,2,9.19,0.34,16.53,3.93,3,0,2.77,8.16,1,1,0.94,23.68
2,1,2.58,0.81,1,1,3,4.6,4.36,7.26,14.27,2,1,2.53,14.32,0,0,0.56,22.1
3,2,1.96,0.04,2,2,5,0.45,1.8,0.35,2.89,2,2,2.81,2.1,1,0,1.05,18.85
1,1,1.73,0.13,0,1,3,11.01,2.25,14.89,7.0,3,1,0.6,10.21,0,1,1.82,27.67
2,1,0.85,0.96,3,0,3,5.23,4.9,7.13,9.21,1,2,2.97,10.68,2,2,2.29,28.51
2,3,1.35,1.77,2,1,0,5.05,4.2,11.81,2.88,1,0,1.52,9.57,1,1,1.25,18.01
7,0,2.03,0.18,2,0,2,7.13,1.45,5.33,11.44,0,1,1.34,16.67,0,2,1.78,20.25
4,3,2.05,0.74,1,3,3,7.53,4.9,9.29,12.26,1,2,1.28,7.97,1,0,0.3,24.91
5,2,0.9,1.92,0,2,4,5.01,3.79,7.86,12.4,1,2,0.07,9.59,1,1,1.41,25.43
4,0,0.71,0.16,0,0,3,8.07,0.16,2.67,10.3,3,1,2.57,1.41,2,0,2.47,22.13
3,4,0.67,0.81,0,3,5,6.9,0.58,8.36,3.95,0,2,1.63,21.34,1,2,1.2,23.06
4,3,1.45,1.88,2,0,1,9.59,0.68,6.95,14.48,2,0,0.33,11.01,0,0,2.99,19.96
3,3,1.54,1.76,1,1,5,11.39,2.44,10.06,9.32,2,1,2.79,8.67,0,1,1.88,26.91
6,3,2.4,1.87,1,3,4,6.09,4.02,14.25,5.52,1,2,2.52,13.33,0,0,2.91,26.14
3,4,0.38,0.79,1,1,3,7.74,2.73,14.87,5.09,0,2,2.43,11.55,0,1,1.84,22.65
4,2,0.37,1.73,2,0,4,5.57,3.81,10.49,3.34,2,0,1.47,7.61,0,0,1.01,16.28
4,1,0.25,0.09,2,4,1,0.05,2.48,2.0,11.32,1,2,1.33,2.09,2,2,2.71,22.83
1,0,2.84,1.14,1,2,3,6.02,0.12,7.11,11.1,1,2,0.73,8.04,0,2,2.04,26.22
4,4,2.7,0.67,0,4,3,9.11,1.33,3.02,10.51,1,2,2.77,3.1,0,2,0.16,26.43
2,4,2.67,1.27,2,2,5,4.63,4.52,4.78,3.1,0,2,0.65,22.29,1,1,1.2,22.52
7,0,0.82,0.13,2,1,5,0.86,3.8,9.71,5.14,3,1,0.84,1.86,2,1,0.96,23.44
4,4,1.84,1.25,0,1,0,1.47,4.11,10.09,13.28,1,1,0.3,8.46,0,1,2.44,21.19
1,2,1.74,0.15,1,4,3,5.15,0.27,3.37,6.84,0,2,1.14,12.92,2,1,2.39,20.25
4,3,1.07,1.15,3,0,2,0.92,0.14,17.68,11.22,0,0,1.19,9.99,1,2,0.35,16.88
2,1,1.09,0.16,1,1,0,8.98,1.41,16.26,1.78,3,0,0.29,10.73,1,0,0.52,19.61
4,3,2.59,1.77,2,4,2,11.13,4.51,1.8,1.98,0,2,0.32,8.29,2,1,1.91,24.9
3,3,2.99,0.75,1,1,3,0.19,2.68,11.22,5.76,0,0,1.96,3.23,0,0,2.3,11.35
3,1,2.26,1.52,3,1,3,6.83,2.05,3.85,11.18,1,0,0.31,17.04,2,0,2.1,17.44
1,4,2.42,0.55,3,4,0,8.57,1.46,6.45,6.57,0,1,2.95,19.54,0,0,0.02,16.05
1,0,1.6,1.72,3,4,0,7.0,4.68,17.35,4.99,2,1,2.83,12.41,2,1,2.45,28.62
2,2,1.92,0.9,2,0,1,0.63,0.05,0.44,0.13,2,1,0.72,5.31,2,1,0.59,16.98
3,4,2.57,1.36,1,4,0,11.7,3.52,14.24,1.42,3,0,2.22,15.83,1,0,2.45,25.51
0,3,2.98,0.37,2,0,3,9.11,0.34,13.46,14.96,0,0,0.87,6.67,1,0,2.98,17.27
6,4,2.18,0.1,3,2,3,11.6,1.5,15.13,6.51,3,2,1.55,13.67,0,2,2.27,35.71
3,4,2.77,1.31,3,4,4,3.49,1.7,18.72,2.47,2,2,1.36,19.23,1,1,2.76,30.46
6,1,2.61,1.27,1,1,4,2.07,0.06,11.87,13.3,2,0,2.95,1.51,2,2,2.91,24.63
0,4,2.27,1.13,0,3,2,9.51,3.79,18.21,0.22,1,0,1.75,23.73,2,2,2.18,25.4
4,1,2.96,0.8,0,1,3,9.91,4.68,16.06,6.4,0,1,2.57,11.77,0,2,0.36,24.78
0,0,0.73,0.6,1,1,1,7.2,1.75,8.88,0.96,0,0,0.72,11.05,2,2,0.36,14.74
7,2,2.92,1.36,3,1,2,9.08,3.9,9.56,6.45,1,1,2.78,14.48,0,1,2.74,25.19
3,2,2.62,2.0,3,1,5,9.88,1.15,1.97,14.69,1,0,2.61,0.1,2,2,0.72,23.18
2,0,1.7,0.15,2,4,5,4.55,3.86,10.36,10.57,1,1,2.75,6.67,2,0,0.78,19.99
5,3,1.11,0.35,2,4,5,6.59,3.61,19.87,1.97,3,1,2.08,19.97,1,0,0.26,26.05
4,1,0.14,0.32,2,0,3,10.78,3.97,10.93,6.33,3,0,1.33,5.91,1,1,2.62,24.1
0,3,2.52,0.86,1,0,4,8.34,4.04,13.27,2.27,2,2,0.32,9.4,2,1,2.17,30.5
0,3,2.84,0.2,0,1,4,4.87,0.16,19.35,14.8,1,1,0.21,12.98,2,2,0.73,27.01
6,1,1.59,1.86,2,1,1,6.31,3.96,2.31,13.91,1,2,0.67,20.98,0,2,0.62,27.07
6,2,2.73,1.83,1,1,4,11.69,2.2,1.21,11.24,3,2,1.34,7.42,2,0,1.02,30.92
0,3,1.63,1.75,3,2,3,9.44,3.76,4.18,2.95,3,0,1.37,19.01,1,2,1.83,26.2
2,3,2.98,1.36,1,4,1,6.28,4.5,14.53,7.65,1,2,1.21,5.43,2,1,1.72,29.41
5,4,0.62,0.25,2,2,0,5.14,1.66,19.54,12.95,0,1,1.39,9.96,2,2,2.87,24.71
2,3,2.17,1.32,3,0,4,9.17,2.9,12.51,0.78,1,1,2.42,1.29,0,0,1.32,19.9
4,4,0.82,0.49,0,1,2,7.4,0.93,3.54,13.1,3,1,1.98,9.76,1,0,0.34,22.23
1,2,2.06,0.58,1,0,2,5.12,0.93,2.22,10.84,2,1,2.46,23.89,0,1,1.42,21.38
2,1,2.37,1.52,1,2,5,9.88,0.77,6.68,7.77,3,1,1.74,13.89,1,1,1.89,28.04
0,1,0.7,1.76,1,2,2,9.15,3.04,2.05,12.78,0,1,2.88,16.08,0,0,1.42,16.19
4,0,0.08,0.03,0,0,5,5.15,2.44,2.76,10.1,2,0,0.97,12.47,2,1,2.52,17.85
1,1,1.88,1.09,3,4,3,7.37,4.3,15.06,8.3,1,1,1.1,21.11,1,0,1.99,23.02
4,3,0.11,1.21,2,0,3,10.16,2.59,12.08,6.56,2,2,2.77,15.34,2,0,1.3,27.74
6,0,0.7,1.88,0,4,3,10.22,4.57,16.94,7.19,0,1,2.91,12.06,0,0,1.98,20.43
4,0,0.04,1.8,1,2,3,8.62,1.32,12.43,7.82,3,0,1.48,3.07,1,2,2.03,25.51
5,0,0.99,0.34,1,1,0,5.82,3.92,9.71,5.03,0,0,2.55,8.53,0,0,0.53,10.42
4,0,1.42,1.94,1,4,0,9.15,0.2,18.72,1.43,3,0,0.4,21.12,1,0,0.31,21.87
0,2,2.91,1.34,0,0,4,6.42,3.99,11.92,4.72,1,2,0.9,23.77,0,0,0.73,23.69
2,3,2.33,0.74,0,1,1,9.5,3.24,11.4,2.51,0,0,2.88,0.98,1,1,2.22,17.03
7,0,2.01,0.78,2,1,2,2.57,2.09,5.84,11.48,1,1,0.88,1.95,2,0,1.28,17.95
1,4,2.97,0.94,2,1,0,5.95,2.15,19.09,3.09,2,1,1.03,15.02,2,1,2.67,28.11
7,0,1.27,1.34,1,1,5,10.29,1.88,9.24,0.19,2,0,1.38,21.77,1,0,2.9,19.32
4,1,0.02,1.28,3,3,5,6.94,3.5,13.09,0.74,0,2,2.65,22.96,2,2,0.32,25.36
6,1,2.38,0.3,0,4,2,11.34,4.32,1.34,9.75,2,0,0.19,4.66,2,2,2.56,25.06
5,0,0.98,1.07,3,1,2,5.8,3.95,9.55,11.75,2,0,0.76,7.84,0,2,0.44,21.94
0,0,1.26,1.53,2,4,4,4.76,1.85,5.7,13.68,2,1,0.19,17.15,0,0,2.7,20.72
6,1,1.72,1.0,1,1,0,0.19,4.12,17.58,10.23,0,1,2.88,2.88,1,0,2.48,17.85
4,3,1.8,0.31,2,1,4,6.39,3.19,6.08,8.11,2,2,0.13,5.21,2,2,2.94,30.64
3,2,2.64,0.43,2,3,1,2.14,0.01,17.06,10.73,1,0,1.64,16.82,0,0,2.0,15.81
7,2,1.71,0.88,3,0,1,10.31,3.26,3.78,0.95,0,1,0.05,7.64,2,2,1.13,21.19
7,1,0.91,0.53,3,1,3,10.96,1.16,2.42,0.09,0,2,2.99,16.68,1,1,2.37,21.04
5,3,2.45,0.6,3,3,5,1.03,3.65,17.42,14.55,2,0,2.39,15.44,2,1,1.3,24.83
1,0,0.41,1.1,3,0,5,8.16,1.46,6.61,10.22,3,0,0.64,8.98,2,2,2.49,25.56
5,1,0.66,0.13,3,2,5,4.72,0.32,4.53,11.89,2,1,1.01,3.22,2,1,0.9,21.28
0,4,2.46,1.02,2,2,5,0.2,0.93,13.1,5.64,2,1,2.0,22.96,0,1,2.59,22.93
7,2,2.97,0.32,0,2,5,9.4,0.36,17.45,9.5,0,1,1.03,11.15,2,0,0.82,21.14
4,1,2.49,1.96,0,0,3,11.46,1.67,11.3,6.06,3,0,0.58,12.89,0,2,0.15,26.85
4,2,1.28,1.89,3,1,4,9.59,1.53,9.4,0.29,2,0,1.58,2.75,2,1,1.59,21.41
2,4,1.91,1.76,1,2,1,4.59,2.06,13.45,11.76,1,1,2.17,1.43,2,1,0.39,23.56
0,2,2.43,0.22,2,4,0,4.43,0.49,11.44,1.44,2,0,0.26,9.15,1,2,0.22,19.45
4,2,2.84,1.43,3,2,1,4.69,0.45,12.51,7.43,2,1,1.32,13.25,0,2,1.43,26.41
5,3,1.17,1.64,3,2,0,7.19,4.68,15.55,2.28,2,1,0.78,6.69,1,0,1.95,23.87
5,0,0.41,0.31,0,3,3,7.71,2.83,14.46,6.29,3,1,0.12,11.5,0,0,0.24,22.35
2,1,0.09,0.13,3,2,3,1.98,0.87,16.85,4.26,0,0,1.7,23.45,0,1,1.04,11.85
6,4,0.5,0.41,3,1,3,2.16,1.43,9.1,4.36,2,2,2.77,12.13,2,1,0.8,24.94
5,4,1.97,0.89,3,4,2,9.1,1.61,2.06,1.08,3,2,1.75,1.24,1,1,2.26,28.67
5,4,0.5,0.45,2,4,5,6.26,4.61,12.79,2.59,1,2,1.28,14.2,1,1,1.68,25.43
0,1,0.36,0.5,0,3,1,3.41,3.66,2.17,11.28,0,1,0.61,19.01,2,1,1.43,16.14
2,2,1.83,0.81,2,1,4,1.47,0.56,1.45,11.16,2,1,2.51,14.71,0,0,2.09,17.63
2,4,2.43,1.66,3,1,1,2.62,1.96,11.19,10.27,0,2,2.79,13.68,2,0,2.77,23.04
2,2,2.0,1.17,0,0,1,4.4,2.73,10.33,1.42,2,1,0.06,2.66,0,2,2.49,23.59
2,4,1.97,1.67,3,1,4,2.56,1.63,3.01,9.31,0,0,1.84,18.28,2,0,0.93,12.53
6,1,2.47,1.17,2,4,5,4.51,2.34,8.39,2.67,0,1,2.29,11.55,1,1,2.69,19.16
3,3,0.05,0.78,0,2,5,5.16,3.46,10.42,14.65,1,0,1.8,11.79,0,2,2.25,20.2
4,2,1.15,0.75,1,0,0,0.7,3.48,1.06,12.26,2,2,0.71,7.77,1,2,1.79,25.81
7,4,1.78,0.6,0,4,4,11.95,0.89,19.65,5.64,1,2,1.24,14.74,0,1,1.83,28.85
0,3,0.95,0.3,3,3,1,4.23,0.87,7.47,6.26,3,2,0.64,16.51,2,2,1.38,29.98
5,1,0.72,1.78,3,2,0,11.48,0.77,9.57,8.06,1,0,2.41,16.09,0,2,1.04,21.05
5,2,0.35,1.31,1,4,4,6.24,2.0,10.43,11.68,0,0,0.54,14.04,2,2,2.14,19.34
0,0,1.11,0.15,3,2,4,7.48,3.33,10.93,3.08,3,1,2.6,19.07,0,1,0.22,24.62
6,1,0.24,1.5,1,2,0,7.92,2.59,3.35,14.68,3,2,0.32,11.85,2,2,1.0,32.42
4,4,0.59,1.72,1,0,3,3.4,4.5,15.82,8.73,3,1,0.98,13.78,0,1,1.21,27.01
0,1,1.5,0.78,2,2,5,11.3,3.41,12.91,10.67,0,1,0.75,14.72,1,2,0.04,24.26
6,2,0.97,1.13,1,3,1,0.89,1.43,7.33,9.33,3,1,1.59,21.64,0,2,2.39,25.73
0,3,0.8,0.62,0,1,3,6.9,0.95,12.07,0.47,3,0,0.94,10.65,2,1,0.36,20.82
0,1,1.71,1.07,2,4,4,2.39,0.3,4.74,6.39,2,1,1.87,5.7,0,0,2.78,17.45
5,3,1.9,1.44,1,0,4,0.42,0.84,14.56,2.76,3,2,0.28,22.1,0,2,2.72,30.49
3,1,0.02,0.93,3,2,1,6.52,4.16,2.23,13.81,0,1,0.47,0.81,0,1,0.13,15.54
6,1,2.37,1.62,3,1,5,8.27,4.9,19.31,2.41,3,0,1.7,15.3,1,0,0.11,25.22
0,0,2.29,1.92,1,3,4,6.99,4.33,19.07,10.13,1,2,0.01,0.96,1,1,0.34,28.62
6,1,0.78,0.95,2,0,0,0.51,3.37,10.75,6.66,3,2,2.48,10.26,0,1,2.52,27.1
4,3,1.93,0.35,1,1,5,1.81,4.62,11.3,4.94,1,1,1.11,16.92,2,2,2.46,24.58
0,1,0.86,0.39,3,0,1,2.8,3.87,1.75,5.72,3,0,0.81,12.71,0,1,1.63,17.48
3,4,1.88,1.63,1,2,5,3.04,1.78,3.83,12.84,1,2,0.89,19.77,1,2,0.3,26.28
3,0,0.82,0.51,3,4,2,1.28,4.53,19.95,2.46,3,0,1.38,4.92,1,1,2.3,22.47
0,4,1.9,0.77,2,2,4,2.08,1.12,10.51,1.37,3,0,1.75,12.53,0,1,1.63,19.47
7,2,2.8,0.29,2,1,0,6.02,1.81,3.41,13.0,3,2,2.77,20.35,1,1,0.08,29.96
4,0,2.99,1.88,0,2,2,0.8,4.77,5.64,5.73,1,2,0.34,17.44,1,0,1.12,21.39
7,0,2.77,1.63,3,4,0,4.21,1.21,1.25,2.69,3,1,2.74,3.37,1,2,0.62,25.51
0,4,2.41,1.07,1,1,3,7.06,2.81,13.21,12.5,0,0,0.66,17.62,0,2,1.26,20.23
4,4,1.41,0.19,1,0,0,10.42,4.65,6.72,1.01,0,2,1.18,23.68,1,2,0.92,24.93
5,3,2.46,0.16,3,3,1,1.84,3.71,7.13,8.73,3,1,0.92,12.02,2,2,1.63,28.73
5,2,0.44,1.71,1,2,0,10.13,3.16,1.57,7.3,2,0,2.0,20.15,0,0,2.95,17.8
1,1,2.69,0.88,2,0,3,6.84,1.25,6.22,12.75,0,1,0.44,17.44,2,1,1.3,20.54
7,0,0.82,0.77,3,0,0,6.35,0.05,6.77,5.98,0,2,1.31,15.18,0,1,1.45,18.9
3,2,0.88,0.42,3,3,5,11.37,0.64,0.69,6.22,2,1,2.15,13.95,2,2,0.06,25.05
4,1,2.88,1.72,3,1,0,1.65,2.09,17.0,13.98,1,0,2.7,4.19,0,0,1.13,17.41
3,4,2.37,1.6,3,4,2,8.97,2.22,18.9,12.36,2,1,0.19,15.66,0,2,2.18,31.91
7,1,0.28,1.03,3,0,4,2.82,1.31,14.08,2.66,0,2,0.06,3.38,0,0,1.91,16.5
5,1,0.31,0.4,2,0,4,8.79,3.42,5.61,10.11,1,0,1.04,7.9,1,2,0.74,19.25
2,1,2.5,0.92,0,2,1,10.36,2.08,14.88,12.85,0,0,1.18,8.56,2,0,0.13,17.47
0,0,2.04,1.13,2,4,2,3.54,0.99,7.28,10.0,1,0,2.8,20.5,0,2,0.39,17.86
5,3,0.69,1.58,2,1,2,5.74,2.03,17.46,0.48,3,0,1.96,17.7,1,0,1.77,21.44
1,3,2.36,1.11,0,1,0,10.79,4.85,12.69,11.46,3,1,0.48,17.6,1,2,1.34,33.66
2,4,1.82,0.37,2,4,1,0.77,1.65,4.62,13.33,0,2,1.65,18.49,2,0,0.02,18.18
6,3,1.1,0.94,1,3,0,8.33,3.84,17.91,5.32,3,0,1.91,18.9,0,0,0.62,22.66
4,1,2.18,1.02,0,1,0,9.06,4.67,4.4,12.55,3,2,2.61,19.13,0,1,0.61,31.1
5,0,1.68,0.41,2,4,4,5.05,1.01,7.76,7.37,1,1,2.31,9.45,1,1,0.62,19.4
0,4,2.45,0.91,1,4,3,9.41,2.98,17.87,2.58,2,1,2.5,0.46,0,2,0.08,27.95
5,2,2.2,0.64,3,0,1,6.36,4.22,4.7,6.64,1,2,1.79,6.01,2,1,1.41,25.58
4,4,0.28,1.37,1,1,2,9.52,0.17,19.65,12.98,2,0,2.97,12.75,1,2,0.71,26.32
2,0,2.57,0.33,2,0,4,10.46,0.17,8.09,11.77,3,0,2.78,16.87,2,0,0.49,23.07
3,1,1.66,1.33,1,2,3,3.99,2.96,9.9,14.19,0,0,0.62,12.21,2,1,2.81,17.86
0,1,2.92,0.08,3,2,1,1.55,4.29,11.17,12.92,1,2,0.18,7.63,1,0,1.27,22.79
0,3,2.91,1.97,1,4,0,4.5,4.0,16.69,4.56,0,1,2.62,1.26,0,0,0.66,18.0
2,3,1.75,1.11,2,2,1,4.16,2.69,16.23,3.25,0,2,1.2,4.53,0,2,0.27,23.33
7,1,0.19,0.71,1,4,1,5.81,4.07,19.08,3.45,3,1,2.55,3.49,2,2,2.8,30.94
2,3,2.34,0.63,2,1,3,4.8,3.19,17.72,6.35,3,1,2.92,8.61,1,0,0.51,26.06
2,2,0.71,0.47,1,3,5,0.7,0.78,2.11,10.25,2,0,0.16,22.54,1,0,0.6,12.67
0,0,0.6,1.49,0,4,2,2.96,1.55,17.71,4.47,2,2,2.97,24.0,0,0,0.33,23.11
0,4,0.05,0.07,0,0,2,10.24,2.94,17.47,11.84,1,1,1.83,1.16,2,1,1.68,24.59
5,4,2.81,1.81,3,3,4,9.02,2.25,12.26,10.32,0,0,1.43,15.48,2,1,0.56,21.11
5,1,1.01,1.0,0,3,4,0.02,2.8,11.81,14.58,0,0,1.15,7.66,2,2,0.66,17.16
5,4,0.05,0.42,1,2,3,5.33,1.42,17.92,12.92,1,2,0.08,2.16,0,1,2.92,25.29
5,1,1.12,1.78,0,2,1,5.78,3.49,1.04,8.01,0,0,0.85,9.35,0,2,1.46,14.73
6,0,1.35,0.73,2,1,1,1.03,4.73,5.83,3.4,2,2,2.84,17.09,0,2,1.5,25.92
6,1,1.68,0.49,0,2,5,10.73,1.56,6.23,3.42,3,2,2.36,7.54,1,1,0.43,29.1
4,4,0.66,1.89,1,4,5,2.26,1.06,6.8,4.77,2,1,2.37,17.38,0,1,2.73,21.23
6,1,1.97,1.57,2,4,4,7.85,0.47,6.38,14.89,3,0,2.19,5.11,1,1,0.83,24.29
2,0,0.95,0.29,1,3,0,1.15,2.47,16.39,11.62,0,0,0.42,9.02,1,1,2.58,14.55
7,4,2.12,0.78,0,3,1,9.22,4.01,17.59,14.07,0,2,0.62,22.23,1,1,0.77,28.46
1,1,2.31,0.86,0,0,4,11.15,3.78,1.04,12.56,0,0,2.29,21.04,0,1,0.79,16.39
5,1,2.43,1.79,0,3,5,4.67,4.45,6.04,6.48,1,1,0.82,21.8,1,2,0.52,24.16
7,1,0.78,0.98,0,1,5,4.65,3.19,18.86,3.18,2,1,1.47,1.78,1,2,0.02,25.7
6,0,1.55,1.12,1,0,0,7.49,4.81,16.63,6.95,0,2,0.38,12.29,0,1,0.48,23.77
2,4,2.1,0.91,3,2,0,11.06,3.95,4.01,6.17,2,2,0.48,5.05,2,1,1.57,29.6
2,2,0.93,0.59,3,1,2,8.69,3.35,15.97,3.86,3,2,0.97,13.66,0,0,1.96,28.53
6,2,0.69,0.4,2,1,2,8.07,4.76,9.71,6.99,3,2,0.31,6.08,1,0,0.04,27.19
1,3,2.05,1.53,0,2,0,11.17,2.76,13.93,8.95,3,1,2.89,2.95,0,2,1.56,31.86
7,4,2.11,0.9,2,1,0,0.44,4.28,4.62,12.73,1,0,1.74,21.31,2,0,2.24,16.62
3,0,2.21,1.85,3,2,1,2.96,0.72,11.16,2.77,3,2,0.11,19.96,1,1,1.07,28.32
7,0,0.21,1.96,2,1,2,4.04,3.1,5.72,13.76,0,2,0.73,22.77,0,0,1.96,19.12
1,4,0.23,0.85,2,3,0,10.21,3.51,1.73,1.76,2,0,0.22,22.01,2,0,1.01,16.79
0,1,1.52,0.72,3,0,1,0.42,3.85,14.45,14.46,2,1,2.29,12.49,2,2,1.01,27.45
6,3,2.28,1.3,1,0,4,0.11,1.0,2.26,12.64,3,2,2.88,9.1,2,2,0.85,30.44
5,0,0.31,0.15,3,2,3,0.87,1.77,0.54,8.3,0,1,0.86,21.85,1,2,0.81,15.07
1,1,0.22,0.04,2,4,0,9.6,4.9,18.63,11.05,0,1,1.01,2.5,2,1,1.73,22.7
6,1,0.45,1.64,0,4,4,7.1,2.7,9.88,7.7,1,0,1.39,14.54,1,2,1.47,20.58
2,1,0.57,0.64,0,0,3,10.36,0.8,0.3,6.74,1,0,1.66,20.0,0,1,0.3,13.8
3,4,0.33,1.27,0,0,4,3.96,2.74,3.99,0.3,1,2,1.4,15.76,1,2,2.31,23.46
1,3,1.54,0.95,3,4,2,3.6,0.91,8.92,3.67,3,0,0.54,8.34,0,1,2.42,19.83
3,3,0.96,0.77,1,3,5,2.25,4.0,19.44,3.22,1,1,2.24,6.76,0,1,1.62,20.92
3,0,1.26,1.94,3,2,2,6.75,4.87,13.78,13.43,1,0,2.21,6.97,1,2,2.17,24.43
6,4,0.87,1.28,2,4,3,5.83,2.11,2.12,14.07,1,2,2.25,1.71,2,0,0.53,22.4
0,2,0.38,0.91,2,3,3,8.75,3.45,2.28,9.85,3,1,0.09,9.96,1,0,1.4,22.71
1,4,0.93,0.63,3,3,2,4.19,3.53,10.75,7.04,2,1,1.91,15.84,0,2,0.42,24.56
0,2,2.62,0.82,0,3,1,9.99,4.4,12.14,12.91,2,0,0.32,2.22,1,2,0.21,25.95
0,1,1.42,0.62,1,4,4,1.52,4.08,18.37,11.67,0,1,2.63,7.67,1,0,0.23,17.32
0,3,1.81,1.96,0,1,5,9.03,3.96,4.66,13.95,3,0,0.05,3.09,1,1,1.38,24.99
5,2,0.27,1.29,3,0,5,6.51,1.11,2.94,8.6,1,2,0.71,8.53,1,2,2.59,25.29
4,4,0.07,0.1,2,3,5,10.58,4.47,10.49,2.05,2,2,1.89,20.59,0,0,2.96,26.03
0,2,1.94,1.75,2,2,1,0.11,0.01,1.95,1.52,0,2,0.61,21.47,2,0,2.93,16.07
7,3,0.82,1.02,0,3,3,10.22,2.17,15.17,1.46,1,0,2.26,10.21,0,1,2.67,19.25
1,0,1.6,1.91,2,3,3,9.6,1.39,16.64,1.43,3,2,2.7,12.98,0,2,0.63,33.21
2,2,1.08,0.91,1,0,3,5.07,0.86,7.16,2.89,2,1,0.56,11.74,1,0,0.69,17.79
3,2,0.08,0.28,3,1,1,8.27,0.35,17.2,11.67,3,2,2.3,0.3,2,2,0.2,33.24
5,2,0.68,1.07,2,0,1,8.46,0.78,13.0,1.26,3,1,1.43,15.69,2,1,0.61,26.31
0,3,2.46,1.13,1,2,5,1.52,0.24,17.56,1.2,0,1,2.88,8.88,2,2,2.59,21.82
0,4,1.11,0.59,2,1,2,7.96,3.7,8.82,13.32,2,1,2.36,11.0,1,1,2.7,26.41
7,3,2.95,1.62,3,0,3,0.54,0.75,8.47,2.8,3,2,2.31,19.02,2,2,0.28,31.26
0,2,2.95,0.66,0,2,1,0.48,4.14,12.15,7.86,1,1,0.52,6.19,2,2,2.33,24.21
4,4,2.12,1.52,2,1,4,10.13,3.37,6.09,0.53,0,2,1.76,7.16,2,1,2.49,24.94
0,2,2.76,0.58,2,2,3,10.0,0.44,12.62,7.56,2,0,2.95,5.82,0,0,1.29,19.44
0,1,2.37,1.06,0,2,1,1.46,0.39,13.6,6.11,2,0,1.83,5.39,0,2,1.63,19.77
4,1,2.48,1.26,2,0,0,6.46,3.36,1.99,5.71,0,0,0.12,13.12,0,1,2.69,13.95
3,2,1.89,0.09,2,2,2,7.86,1.7,6.45,6.37,2,1,1.38,6.57,2,1,1.49,23.69
6,2,2.87,1.77,0,0,5,2.05,4.3,10.64,6.16,0,0,1.9,1.03,2,1,1.09,16.81
0,4,2.98,1.63,0,4,4,7.02,1.07,17.78,14.9,1,1,1.55,16.6,0,1,2.42,26.55
4,3,0.64,0.16,1,1,3,8.07,4.93,18.24,10.76,0,1,0.72,4.48,1,1,0.22,21.32
0,4,1.17,1.53,1,3,1,10.83,0.25,10.48,0.49,3,0,2.66,8.68,2,0,1.89,21.71
0,0,2.27,0.21,1,3,1,10.31,1.1,3.08,13.65,3,0,2.36,22.61,2,1,1.41,24.63
4,3,1.2,0.72,1,2,2,8.62,2.2,2.85,9.61,3,0,1.91,14.11,0,0,1.94,19.48
5,0,2.76,1.31,2,1,2,6.3,3.0,11.33,9.81,3,0,2.91,15.75,1,1,1.22,25.71
5,0,1.38,1.7,2,1,0,4.17,0.94,6.96,10.2,0,0,1.23,4.41,0,1,1.02,12.5
7,0,0.42,0.44,0,2,1,11.88,4.4,0.91,6.35,0,0,0.4,20.34,2,0,2.79,13.87
6,3,2.03,1.32,3,1,2,11.87,1.98,19.82,2.34,3,0,0.27,6.52,2,2,2.56,31.22
7,1,2.52,1.35,3,3,3,4.21,0.1,19.54,1.0,3,1,0.94,14.1,0,2,0.42,28.43
2,4,0.98,0.11,0,0,2,7.87,0.6,17.59,11.69,2,0,0.95,12.31,0,2,2.59,23.97
5,2,0.74,1.5,0,1,1,4.5,4.41,19.01,10.75,2,1,1.92,9.94,0,2,0.35,27.49
7,3,1.43,1.67,3,2,3,6.2,2.42,8.86,4.54,2,0,1.47,9.72,2,0,1.66,19.49
5,2,1.17,1.0,3,3,3,7.52,0.41,17.61,0.77,2,1,2.34,2.8,2,1,0.13,24.53
1,0,0.92,1.12,1,2,5,9.14,4.77,7.43,12.44,2,1,2.42,15.78,2,0,0.91,24.51
4,3,1.15,0.41,3,1,3,0.14,2.7,11.47,13.71,0,0,1.63,11.32,1,2,2.9,17.61
2,4,2.35,1.07,1,1,5,5.26,0.33,19.14,11.9,0,2,2.95,8.29,1,0,2.75,24.21
4,3,1.74,1.04,1,2,5,6.67,0.53,19.28,8.6,0,2,0.93,19.21,2,1,2.61,26.91
5,1,2.67,1.19,0,1,1,2.97,4.28,18.41,13.53,2,2,2.53,14.24,0,1,1.48,30.64
7,3,0.9,0.32,3,4,1,8.68,0.13,11.41,13.26,1,2,1.22,22.23,2,2,1.38,29.91
